y_prob,y_true
0.956429,1.0
0.8883238,1.0
0.36381313,0.0
0.2830229,0.0
0.9706465,1.0
0.19202451,0.0
0.9829739,1.0
0.21890192,0.0
0.15177403,0.0
0.1835349,0.0
0.28290442,0.0
0.33448258,0.0
0.25523043,0.0
0.23870437,0.0
0.29008487,0.0
0.26595876,0.0
0.9693783,1.0
0.9785453,1.0
0.29833755,0.0
0.97667277,1.0
0.31860283,0.0
0.862727,1.0
0.81280893,1.0
0.19635855,0.0
0.29930007,0.0
0.20005739,0.0
0.36878133,0.0
0.16346608,0.0
0.33660927,0.0
0.35420018,0.0
0.19279869,0.0
0.85686904,1.0
0.368564,0.0
0.9995203,1.0
0.47140184,0.0
0.3942947,0.0
0.7101101,0.0
0.8430242,0.0
0.8943295,0.0
0.794913,0.0
0.61178935,0.0
0.46635124,0.0
0.99830407,1.0
0.3954164,0.0
0.417543,0.0
0.9590227,1.0
0.1621731,0.0
0.22921133,0.0
0.29242513,0.0
0.8266441,1.0
0.9619948,1.0
0.70171374,0.0
0.5830002,0.0
0.41646096,1.0
0.9974667,1.0
0.9991211,1.0
0.8645355,1.0
0.28167325,0.0
0.2354689,0.0
0.28527418,0.0
0.23492675,0.0
0.4145948,0.0
0.46038792,0.0
0.31278306,0.0
0.5039431,0.0
0.64524406,0.0
0.40441808,0.0
0.41109395,0.0
0.20055139,0.0
0.32751182,0.0
0.1890515,0.0
0.20827532,0.0
0.23561727,0.0
0.20885181,0.0
0.24554692,0.0
0.23577526,0.0
0.20459571,0.0
0.55738753,0.0
0.76845497,0.0
0.77218086,0.0
0.61577064,0.0
0.5814468,0.0
0.6201274,0.0
0.38577422,0.0
0.2132802,0.0
0.44976884,0.0
0.18570773,0.0
0.20256396,0.0
0.1601514,0.0
0.17727868,0.0
0.24531583,0.0
0.2733107,0.0
0.24085824,0.0
0.35937166,0.0
0.265017,0.0
0.31443205,0.0
0.24886361,0.0
0.32114103,0.0
0.2700729,0.0
0.31346676,0.0
0.8729416,0.0
0.8656232,0.0
0.50708514,0.0
0.20843814,0.0
0.5830085,0.0
0.2051496,0.0
0.35763368,0.0
0.8264845,0.0
0.7299224,1.0
0.44008285,0.0
0.19616249,0.0
0.22566934,0.0
0.19017282,0.0
0.34028965,0.0
0.26697627,0.0
0.3436681,0.0
0.8404779,0.0
0.8235761,0.0
0.85805,0.0
0.5163809,0.0
0.38915536,0.0
0.36116582,0.0
0.19117081,0.0
0.17574565,0.0
0.1726269,0.0
0.28295848,0.0
0.23494613,0.0
0.33182183,0.0
0.4227976,0.0
0.78796625,0.0
0.7129207,0.0
0.82686085,0.0
0.7143486,0.0
0.5737415,0.0
0.2880281,0.0
0.83655256,0.0
0.37283164,0.0
0.79258865,0.0
0.4964821,0.0
0.80670136,0.0
0.99459773,1.0
0.19916451,0.0
0.532128,1.0
0.30621168,1.0
0.97934717,1.0
0.3719204,1.0
0.23926747,0.0
0.23716159,0.0
0.21393977,0.0
0.12571678,0.0
0.1838653,0.0
0.9831244,1.0
0.4246776,0.0
0.505663,0.0
0.963237,1.0
0.9281112,1.0
0.76402014,1.0
0.2744548,0.0
0.2553653,0.0
0.27543464,0.0
0.25175855,0.0
0.24868512,0.0
0.198211,0.0
0.25246271,0.0
0.34404778,0.0
0.28418335,0.0
0.26188263,0.0
0.25084797,0.0
0.39196754,0.0
0.62327,0.0
0.7991791,1.0
0.21343112,0.0
0.23943527,0.0
0.21516946,0.0
0.3042719,0.0
0.19286345,0.0
0.67844725,0.0
0.40473634,0.0
0.99975806,1.0
0.1625589,0.0
0.8772421,1.0
0.42560837,0.0
0.21954249,0.0
0.7862008,0.0
0.27117488,0.0
0.31049326,0.0
0.2883905,0.0
0.3515595,0.0
0.47847578,0.0
0.38491258,0.0
0.5838598,0.0
0.9105782,0.0
0.17898771,0.0
0.60589075,0.0
0.38819742,1.0
0.31346598,0.0
0.262483,0.0
0.99861574,1.0
0.9704156,0.0
0.99689925,1.0
0.23701552,0.0
0.99920845,1.0
0.196013,0.0
0.9993071,1.0
0.22913437,0.0
0.92790985,1.0
0.39666316,1.0
0.18962803,0.0
0.96279955,1.0
0.23115535,0.0
0.3290724,0.0
0.4092079,0.0
0.17294113,0.0
0.14814657,0.0
0.27924973,0.0
0.20935808,0.0
0.21347809,0.0
0.23005517,0.0
0.21234278,0.0
0.15986443,0.0
0.21343818,0.0
0.2966547,0.0
0.21615306,0.0
0.15266028,0.0
0.2602639,0.0
0.16574581,0.0
0.18691066,0.0
0.12603383,0.0
0.44268298,1.0
0.77204543,0.0
0.9261338,0.0
0.7528438,0.0
0.98686564,1.0
0.43410608,0.0
0.42433807,0.0
0.72161293,0.0
0.6771763,0.0
0.3720975,0.0
0.546138,0.0
0.3007446,0.0
0.49307784,0.0
0.64058393,1.0
0.47037455,1.0
0.22620802,0.0
0.19208008,0.0
0.24933676,0.0
0.21635585,0.0
0.44945207,1.0
0.60889655,0.0
0.1719727,0.0
0.18836954,0.0
0.938237,0.0
0.26424485,0.0
0.9906681,1.0
0.29128265,0.0
0.64564526,0.0
0.825812,0.0
0.9434864,0.0
0.22381835,0.0
0.20391956,0.0
0.21947287,0.0
0.18862043,0.0
0.19914283,0.0
0.23721492,0.0
0.7732222,1.0
0.30268106,0.0
0.17207904,0.0
0.24572587,0.0
0.96041405,1.0
0.970008,1.0
0.23543215,0.0
0.9959995,1.0
0.19337605,0.0
0.21989913,0.0
0.28537253,0.0
0.21712466,0.0
0.9894681,1.0
0.77525765,1.0
0.1981545,0.0
0.7335362,0.0
0.2531309,0.0
0.86574954,1.0
0.63733715,0.0
0.9751423,1.0
0.5832419,0.0
0.4364031,0.0
0.6533922,0.0
0.20133393,0.0
0.19492836,0.0
0.27180153,0.0
0.26804358,0.0
0.92411274,1.0
0.84375477,1.0
0.54958373,1.0
0.8475451,1.0
0.78593487,0.0
0.68281716,0.0
0.69571745,0.0
0.5111727,0.0
0.36922,0.0
0.3812062,0.0
0.8728464,0.0
0.7339727,0.0
0.64212006,1.0
0.58866745,0.0
0.32387695,0.0
0.31809238,0.0
0.71105117,0.0
0.2807015,0.0
0.3251761,0.0
0.271581,0.0
0.2552573,0.0
0.44234347,0.0
0.37420318,0.0
0.4034074,0.0
0.22458275,0.0
0.3122309,0.0
0.77113557,0.0
0.6547268,0.0
0.25027716,0.0
0.21110332,0.0
0.8353486,0.0
0.18759893,0.0
0.40523893,0.0
0.9874706,1.0
0.58060974,0.0
0.35723028,0.0
0.9256061,1.0
0.38073513,0.0
0.24608202,0.0
0.16994211,0.0
0.22873412,0.0
0.28302157,0.0
0.4363451,0.0
0.41493812,0.0
0.99569416,1.0
0.18906015,0.0
0.9363975,1.0
0.9769761,1.0
0.92602426,0.0
0.20161295,0.0
0.44727382,0.0
0.7960946,1.0
0.7395852,1.0
0.26351556,0.0
0.26368603,0.0
0.31686768,0.0
0.28573197,0.0
0.21628602,0.0
0.32538024,0.0
0.2416433,0.0
0.5449895,0.0
0.4835711,0.0
0.2788802,0.0
0.85670817,1.0
0.8359157,1.0
0.93218803,1.0
0.21772979,0.0
0.8215,1.0
0.98608106,1.0
0.40200844,0.0
0.44858357,0.0
0.28199375,0.0
0.28395718,0.0
0.28808635,0.0
0.8010029,0.0
0.24494667,0.0
0.2736088,0.0
0.33880398,0.0
0.23355146,0.0
0.26382622,0.0
0.42724058,0.0
0.5991754,0.0
0.30858722,0.0
0.5219076,0.0
0.94026816,0.0
0.26890206,0.0
0.21372104,0.0
0.59740347,0.0
0.22025144,0.0
0.72227293,0.0
0.52013314,0.0
0.28634223,0.0
0.34601846,0.0
0.9998873,1.0
0.9131612,0.0
0.9995451,1.0
0.41185147,0.0
0.62572575,0.0
0.68687147,0.0
0.19091979,0.0
0.30217704,0.0
0.16335286,0.0
0.29348707,0.0
0.22305517,0.0
0.26027477,0.0
0.21441357,0.0
0.20180516,0.0
0.24549972,0.0
0.17683667,0.0
0.74397606,1.0
0.3044363,0.0
0.6589071,0.0
0.32729596,0.0
0.47102895,0.0
0.7296637,0.0
0.7175569,1.0
0.26880774,0.0
0.5342812,1.0
0.26662233,0.0
0.31856233,0.0
0.6536983,0.0
0.7344501,0.0
0.8076872,1.0
0.2251838,0.0
0.9548626,1.0
0.41541463,0.0
0.28258422,0.0
0.900284,1.0
0.17861874,0.0
0.15367945,0.0
0.18390968,0.0
0.606891,0.0
0.404026,0.0
0.33824763,0.0
0.2739297,0.0
0.675477,0.0
0.40855294,0.0
0.259677,0.0
0.6068232,0.0
0.23902526,0.0
0.2602994,0.0
0.43356344,0.0
0.4095753,0.0
0.341418,0.0
0.22456042,0.0
0.73499703,0.0
0.123662435,0.0
0.1887993,0.0
0.9207659,1.0
0.32106584,0.0
0.19351433,0.0
0.36917552,0.0
0.17081426,0.0
0.17292278,0.0
0.25715852,0.0
0.47703812,0.0
0.28364098,0.0
0.24546972,0.0
0.2240711,0.0
0.23561,0.0
0.52610296,0.0
0.83860314,0.0
0.9876648,1.0
0.7248258,0.0
0.8301448,0.0
0.64607584,0.0
0.5392729,0.0
0.49759227,0.0
0.99964756,1.0
0.8034937,1.0
0.8267886,0.0
0.9992653,1.0
0.57882935,0.0
0.49703774,0.0
0.97276366,0.0
0.86538947,0.0
0.9766814,1.0
0.9795356,1.0
0.95300543,1.0
0.22816089,0.0
0.7894253,0.0
0.22279389,0.0
0.5218766,0.0
0.36354423,0.0
0.19614437,0.0
0.25379798,0.0
0.26312566,0.0
0.1568364,0.0
0.17854922,0.0
0.19447194,0.0
0.18084988,0.0
0.9907921,1.0
0.6861125,0.0
0.20137337,0.0
0.8284249,0.0
0.36148477,0.0
0.19486736,0.0
0.22836705,0.0
0.35418722,0.0
0.42638445,0.0
0.3618426,0.0
0.4827787,0.0
0.91906184,0.0
0.8342846,1.0
0.5841896,0.0
0.99377507,1.0
0.5722682,0.0
0.30557898,0.0
0.98768705,1.0
0.70724356,0.0
0.13179587,0.0
0.7436026,0.0
0.37029538,0.0
0.41487536,0.0
0.4247209,0.0
0.40750894,0.0
0.98867524,0.0
0.85271406,0.0
0.9665825,0.0
0.35746318,0.0
0.5975122,0.0
0.27147064,0.0
0.29252177,0.0
0.21486151,0.0
0.2522307,0.0
0.45958787,0.0
0.20754285,0.0
0.952736,0.0
0.84400195,0.0
0.93191195,0.0
0.87705415,0.0
0.99775344,1.0
0.83958435,1.0
0.2460845,0.0
0.28974777,0.0
0.2649506,0.0
0.29035226,0.0
0.19249162,0.0
0.21618178,0.0
0.23762868,0.0
0.25660607,0.0
0.95700186,1.0
0.21572924,0.0
0.8588851,1.0
0.23278673,0.0
0.21534586,0.0
0.72022384,0.0
0.4406414,0.0
0.64797187,0.0
0.41428995,0.0
0.32825512,0.0
0.60966045,0.0
0.41827485,0.0
0.6077768,0.0
0.38744178,0.0
0.63295454,0.0
0.8717003,0.0
0.31836563,0.0
0.8773104,1.0
0.35284764,0.0
0.9973709,1.0
0.9995856,1.0
0.7415906,0.0
0.36515066,0.0
0.319378,1.0
0.99196243,1.0
0.27752015,1.0
0.20173731,0.0
0.44846937,1.0
0.19472614,0.0
0.21623793,0.0
0.17105341,0.0
0.15034859,0.0
0.23841201,0.0
0.18232931,0.0
0.494491,0.0
0.17970546,0.0
0.22257696,0.0
0.1767498,0.0
0.25195238,0.0
0.17691112,0.0
0.43969193,0.0
0.19924103,0.0
0.40253115,0.0
0.9394688,1.0
0.21785156,0.0
0.3735722,0.0
0.93337196,1.0
0.5275716,0.0
0.25052643,0.0
0.18071538,0.0
0.32867962,0.0
0.18005437,0.0
0.30267748,0.0
0.1934138,0.0
0.30224967,0.0
0.23438545,0.0
0.29000774,0.0
0.15888566,0.0
0.3160846,0.0
0.25851464,0.0
0.18870074,0.0
0.28904986,0.0
0.22021441,0.0
0.24614678,0.0
0.3140721,0.0
0.64706224,0.0
0.37434074,0.0
0.8763668,0.0
0.35597053,0.0
0.78502566,0.0
0.16864084,0.0
0.2564783,1.0
0.39615795,0.0
0.943891,1.0
0.2697377,1.0
0.24455027,1.0
0.57125205,1.0
0.96520406,1.0
0.18986419,1.0
0.8175401,1.0
0.66464585,0.0
0.8888111,1.0
0.27994245,0.0
0.23216246,0.0
0.25391093,0.0
0.24339119,0.0
0.25026998,1.0
0.23591478,0.0
0.83642465,1.0
0.28917933,0.0
0.34322402,0.0
0.72504014,0.0
0.43810788,1.0
0.23740485,0.0
0.27108485,0.0
0.29756472,0.0
0.49815074,0.0
0.76340675,0.0
0.9844314,0.0
0.36399055,0.0
0.20498586,0.0
0.16082172,0.0
0.33340353,1.0
0.99114573,1.0
0.60574216,0.0
0.7333265,0.0
0.18548031,0.0
0.38382232,0.0
0.9712349,1.0
0.9311019,1.0
0.9964351,1.0
0.17269154,0.0
0.9733271,0.0
0.4687886,0.0
0.7648415,0.0
0.99984545,1.0
0.5411636,0.0
0.3822031,0.0
0.41686675,0.0
0.35902923,0.0
0.31663522,0.0
0.15712418,0.0
0.18220651,0.0
0.554777,0.0
0.457257,0.0
0.5532748,0.0
0.41436058,0.0
0.6153002,0.0
0.30914629,0.0
0.5245246,0.0
0.36464274,0.0
0.24683519,0.0
0.9426587,0.0
0.23529796,0.0
0.90522844,0.0
0.32710972,0.0
0.9249903,0.0
0.88188976,0.0
0.20102863,0.0
0.49253494,0.0
0.9716369,1.0
0.21983266,0.0
0.23577042,0.0
0.3111616,0.0
0.29965457,0.0
0.2539885,0.0
0.57181937,0.0
0.75330967,0.0
0.4766116,0.0
0.68987286,0.0
0.25743017,0.0
0.16854684,0.0
0.66957915,1.0
0.19921367,0.0
0.21933992,0.0
0.20087616,0.0
0.23791473,0.0
0.6538312,0.0
0.6029293,0.0
0.35809374,0.0
0.41665393,0.0
0.8447692,1.0
0.50463265,0.0
0.20188642,0.0
0.43776336,0.0
0.5282572,0.0
0.39551428,0.0
0.2404213,0.0
0.28009638,0.0
0.25480744,0.0
0.40146056,0.0
0.24575268,0.0
0.42133418,0.0
0.3199964,0.0
0.30635098,0.0
0.831085,0.0
0.5843603,0.0
0.79833937,0.0
0.31335855,1.0
0.73467076,0.0
0.87765235,0.0
0.6845347,0.0
0.78974867,0.0
0.997533,1.0
0.8632175,0.0
0.8923712,1.0
0.6738565,0.0
0.7408271,0.0
0.383985,0.0
0.2375975,0.0
0.26078913,0.0
0.33419812,0.0
0.9908439,1.0
0.23212598,0.0
0.9985318,1.0
0.16735828,0.0
0.99696094,1.0
0.1601261,0.0
0.98050064,1.0
0.18063052,0.0
0.9730331,0.0
0.48053178,0.0
0.6759275,0.0
0.9368497,0.0
0.5640196,0.0
0.70016825,0.0
0.2677146,0.0
0.3994935,0.0
0.9996913,1.0
0.2785587,0.0
0.37203023,0.0
0.21108058,0.0
0.38532993,0.0
0.1971115,0.0
0.23331998,0.0
0.18152757,0.0
0.22327352,0.0
0.26584637,0.0
0.28771305,0.0
0.2287247,0.0
0.76739365,0.0
0.23769012,0.0
0.44172072,0.0
0.26886177,0.0
0.56581783,0.0
0.66343445,0.0
0.9029544,0.0
0.9327136,1.0
0.17418675,0.0
0.1960724,0.0
0.41129062,0.0
0.3403208,0.0
0.38376275,0.0
0.9157233,1.0
0.2545055,0.0
0.39375955,0.0
0.36473903,0.0
0.21294151,0.0
0.22772105,0.0
0.21472874,0.0
0.22680353,0.0
0.22372177,0.0
0.22092962,0.0
0.2988141,0.0
0.22468737,0.0
0.573664,0.0
0.5748008,0.0
0.07413542,0.0
0.17542998,0.0
0.36020407,0.0
0.13911168,0.0
0.5378191,0.0
0.64486474,0.0
0.48462328,0.0
0.3022657,0.0
0.26006407,0.0
0.3926834,0.0
0.7815606,1.0
0.50547737,0.0
0.5465016,0.0
0.9467775,1.0
0.18827485,1.0
0.23004496,0.0
0.29645088,0.0
0.6324414,0.0
0.7271304,0.0
0.27540675,0.0
0.3413117,0.0
0.66343707,1.0
0.26539332,0.0
0.2916239,0.0
0.2762311,0.0
0.254786,0.0
0.26729727,0.0
0.2544839,0.0
0.2205206,0.0
0.23029342,0.0
0.8522415,1.0
0.24525729,0.0
0.5138002,1.0
0.9426975,1.0
0.9537153,1.0
0.23985481,0.0
0.21851431,0.0
0.2576286,0.0
0.31740707,0.0
0.25513983,0.0
0.55871195,0.0
0.23056939,0.0
0.42734227,0.0
0.20523655,0.0
0.6412777,0.0
0.23471232,0.0
0.40423402,0.0
0.2155259,0.0
0.36982733,0.0
0.9593906,1.0
0.30672243,0.0
0.406986,0.0
0.5961155,0.0
0.996445,1.0
0.25800443,0.0
0.97923344,1.0
0.9942072,1.0
0.3922782,0.0
0.5456388,0.0
0.7494257,0.0
0.9082575,0.0
0.7728486,0.0
0.93973583,1.0
0.30605394,0.0
0.75248927,1.0
0.26872522,0.0
0.548827,1.0
0.1781655,0.0
0.41473714,0.0
0.59639037,0.0
0.9935512,1.0
0.79405993,0.0
0.50971824,0.0
0.46238327,0.0
0.30318576,1.0
0.6338024,0.0
0.98564625,0.0
0.98997337,0.0
0.5714063,0.0
0.27973288,0.0
0.9767537,0.0
0.35186407,0.0
0.50818247,0.0
0.56994927,0.0
0.2654757,0.0
0.27266726,0.0
0.7645586,1.0
0.21379487,0.0
0.95702887,0.0
0.5897359,0.0
0.68337625,0.0
0.97955936,0.0
0.9473881,0.0
0.8714375,0.0
0.81058806,0.0
0.20700328,0.0
0.9899773,1.0
0.16993217,0.0
0.3358104,0.0
0.18518074,0.0
0.33304054,0.0
0.8484635,0.0
0.18559012,0.0
0.29918098,0.0
0.2955679,0.0
0.16343549,0.0
0.2080779,0.0
0.2101836,0.0
0.54501593,0.0
0.1956598,0.0
0.22422019,0.0
0.21518289,0.0
0.23467569,0.0
0.20907722,0.0
0.19553171,0.0
0.19794129,0.0
0.29225275,0.0
0.34133813,0.0
0.26637396,0.0
0.24776109,0.0
0.27421921,0.0
0.36926207,0.0
0.5081658,0.0
0.8168112,0.0
0.17954761,0.0
0.16661099,0.0
0.3201575,0.0
0.17855094,0.0
0.22264491,0.0
0.20395331,0.0
0.93086547,0.0
0.7249257,0.0
0.4153257,0.0
0.5623581,0.0
0.6922969,0.0
0.64750975,0.0
0.21872239,0.0
0.19449978,0.0
0.28930575,0.0
0.23577085,0.0
0.23975073,0.0
0.1641434,0.0
0.2546635,0.0
0.2824284,0.0
0.27458176,0.0
0.29036516,0.0
0.2746563,0.0
0.23142467,0.0
0.30088055,0.0
0.2786633,0.0
0.4613648,0.0
0.22796337,0.0
0.18761705,0.0
0.22336102,0.0
0.63859195,0.0
0.62779737,0.0
0.7198817,1.0
0.11705919,0.0
0.999778,1.0
0.3613374,1.0
0.38948923,0.0
0.29725,0.0
0.26378933,0.0
0.48233834,0.0
0.25503582,0.0
0.59992087,0.0
0.28160354,0.0
0.36068362,0.0
0.2736161,0.0
0.30910105,0.0
0.53644097,0.0
0.53927314,0.0
0.32418633,0.0
0.6061742,0.0
0.29299423,0.0
0.4078246,0.0
0.24506138,0.0
0.38290426,0.0
0.1711707,0.0
0.17074113,0.0
0.17465205,0.0
0.47441497,0.0
0.95600194,0.0
0.95950204,0.0
0.8159515,0.0
0.97266865,0.0
0.18944864,0.0
0.5547535,0.0
0.23230775,0.0
0.29407376,0.0
0.44444272,0.0
0.21550477,0.0
0.32296515,0.0
0.6389434,0.0
0.93649477,0.0
0.8704114,0.0
0.19322415,0.0
0.2186402,0.0
0.23429976,0.0
0.24273399,0.0
0.27016434,0.0
0.29176766,0.0
0.9853836,1.0
0.3290209,0.0
0.3315936,0.0
0.5179057,0.0
0.2212466,0.0
0.19682153,0.0
0.19944783,0.0
0.27439055,0.0
0.26338813,0.0
0.25447664,0.0
0.3124157,0.0
0.8786766,0.0
0.5705934,0.0
0.3897853,0.0
0.55477947,0.0
0.27512723,0.0
0.8699202,0.0
0.21213356,0.0
0.538866,0.0
0.27725765,0.0
0.18407542,0.0
0.51643246,0.0
0.44461155,0.0
0.89337724,0.0
0.16017747,0.0
0.15151809,0.0
0.20782678,0.0
0.44188604,0.0
0.24892572,0.0
0.1899206,0.0
0.20548084,0.0
0.20184372,0.0
0.29476675,0.0
0.19807482,0.0
0.39982525,0.0
0.24057531,0.0
0.7552208,0.0
0.29586425,0.0
0.96853304,0.0
0.6486892,0.0
0.9748074,1.0
0.29785636,0.0
0.28839636,0.0
0.99361306,1.0
0.1825963,0.0
0.18687078,0.0
0.18779977,0.0
0.18449509,0.0
0.86490935,1.0
0.5337639,0.0
0.9561967,1.0
0.48201185,0.0
0.52896625,0.0
0.1705396,0.0
0.19491021,0.0
0.5162081,0.0
0.32024497,0.0
0.3559227,0.0
0.21988344,0.0
0.3555901,0.0
0.7360708,0.0
0.31846532,0.0
0.44337174,0.0
0.98626345,1.0
0.9967848,1.0
0.9591574,1.0
0.94287395,1.0
0.37428102,0.0
0.7468436,1.0
0.2506121,0.0
0.9997944,1.0
0.683181,0.0
0.25118548,0.0
0.22771816,0.0
0.2616182,0.0
0.28938627,0.0
0.2383151,0.0
0.2699562,0.0
0.27187565,0.0
0.31491897,0.0
0.32975328,0.0
0.23702298,0.0
0.24289398,0.0
0.26993567,0.0
0.98446447,0.0
0.98596394,1.0
0.35454896,0.0
0.33245274,0.0
0.30774224,0.0
0.25319752,0.0
0.18672174,0.0
0.44287777,0.0
0.4009497,0.0
0.36732754,0.0
0.33779442,0.0
0.26588884,0.0
0.5737999,0.0
0.17837392,0.0
0.4143115,0.0
0.5678205,0.0
0.6549069,1.0
0.26326695,0.0
0.2910028,0.0
0.4401988,0.0
0.8779538,0.0
0.73905045,0.0
0.9636494,0.0
0.98882324,0.0
0.9031059,0.0
0.42956787,0.0
0.404309,0.0
0.16162042,0.0
0.19025667,0.0
0.21822755,0.0
0.21697088,0.0
0.17175204,0.0
0.21894136,0.0
0.29625586,0.0
0.19697241,0.0
0.1503447,0.0
0.19094132,0.0
0.21338837,0.0
0.18119095,0.0
0.25098553,0.0
0.24496134,0.0
0.2573802,0.0
0.9969735,1.0
0.18808194,0.0
0.21077855,0.0
0.23256569,0.0
0.37651154,0.0
0.20563836,0.0
0.25160822,0.0
0.22526078,0.0
0.26901504,0.0
0.33594868,0.0
0.18457857,0.0
0.18311697,0.0
0.17953649,0.0
0.19381368,0.0
0.30701172,0.0
0.21638928,0.0
0.17440376,0.0
0.20533481,0.0
0.2404588,0.0
0.29862225,0.0
0.71011627,0.0
0.46465427,0.0
0.43713027,0.0
0.5080468,0.0
0.26712966,0.0
0.86231035,0.0
0.297587,0.0
0.771095,0.0
0.99788743,1.0
0.252431,0.0
0.58345085,0.0
0.48806486,0.0
0.54095304,0.0
0.38702327,0.0
0.1817316,0.0
0.20187767,0.0
0.9275591,0.0
0.3885313,0.0
0.76388097,0.0
0.36365557,0.0
0.5990195,0.0
0.9650652,0.0
0.53160346,0.0
0.32234222,0.0
0.49380285,0.0
0.20975824,0.0
0.2123847,0.0
0.2276254,0.0
0.56508994,0.0
0.4833798,0.0
0.8500185,1.0
0.74316406,0.0
0.6339187,0.0
0.6746663,0.0
0.6790027,0.0
0.5151822,0.0
0.9811129,0.0
0.7718218,0.0
0.47034237,0.0
0.31561834,0.0
0.6856762,0.0
0.8056375,0.0
0.9968924,1.0
0.32970375,0.0
0.60256606,0.0
0.2136747,0.0
0.7815105,0.0
0.87132245,0.0
0.78293484,1.0
0.26171935,0.0
0.9995696,1.0
0.93143207,0.0
0.9925939,1.0
0.43276778,0.0
0.9870724,1.0
0.2015684,0.0
0.4432837,0.0
0.38451767,0.0
0.6730961,0.0
0.70274603,0.0
0.40538833,0.0
0.57079023,0.0
0.62351686,0.0
0.5694384,0.0
0.80146235,0.0
0.7623307,0.0
0.32165992,0.0
0.3761907,0.0
0.99954647,1.0
0.32889304,0.0
0.7922322,0.0
0.537594,0.0
0.286633,0.0
0.5631574,0.0
0.17790699,0.0
0.1679267,0.0
0.38435188,0.0
0.5064541,0.0
0.23396647,0.0
0.19241682,0.0
0.22298796,0.0
0.23908727,0.0
0.17686835,0.0
0.19907716,0.0
0.14105015,0.0
0.18563925,0.0
0.1717752,0.0
0.34438807,0.0
0.1997693,0.0
0.65013903,0.0
0.33639634,0.0
0.16000304,0.0
0.297671,0.0
0.57414514,0.0
0.79389745,0.0
0.19548845,0.0
0.5072152,0.0
0.9351322,0.0
0.2985621,0.0
0.2937205,0.0
0.978236,1.0
0.5696721,1.0
0.7828652,0.0
0.25702056,0.0
0.5694866,0.0
0.24115312,0.0
0.6405191,0.0
0.3838911,0.0
0.19709216,0.0
0.57721186,0.0
0.699614,0.0
0.1297911,0.0
0.17419854,0.0
0.19583812,0.0
0.14989041,0.0
0.19123618,0.0
0.5121142,0.0
0.5814804,0.0
0.14999487,0.0
0.4277706,0.0
0.40889913,0.0
0.3016316,0.0
0.5147689,0.0
0.76307636,0.0
0.415971,0.0
0.70864725,0.0
0.36964554,0.0
0.6727769,0.0
0.19860879,0.0
0.24646197,0.0
0.26218957,0.0
0.2945219,0.0
0.31001538,0.0
0.47588068,0.0
0.26855454,0.0
0.57218164,0.0
0.23452874,0.0
0.48817775,0.0
0.25897014,0.0
0.2545828,0.0
0.63386005,0.0
0.7743898,0.0
0.28030583,0.0
0.2138784,0.0
0.23151527,0.0
0.45485345,0.0
0.6221501,0.0
0.3421075,0.0
0.41637358,0.0
0.25402546,0.0
0.506706,0.0
0.17125797,0.0
0.45762825,0.0
0.18188897,0.0
0.3070167,0.0
0.17105524,0.0
0.2738993,0.0
0.32119986,0.0
0.31233618,0.0
0.31973034,0.0
0.16439688,0.0
0.30426002,0.0
0.23573151,0.0
0.9915871,1.0
0.9894497,1.0
0.9957973,1.0
0.24009065,0.0
0.97729063,1.0
0.33782557,0.0
0.20388399,1.0
0.28003326,0.0
0.27879462,0.0
0.26845142,0.0
0.20284212,0.0
0.23284213,0.0
0.99961156,1.0
0.8143795,1.0
0.34967303,0.0
0.99904186,1.0
0.2022038,0.0
0.9536635,0.0
0.97808564,1.0
0.20379987,0.0
0.2620612,0.0
0.21529734,0.0
0.23663421,1.0
0.98741543,0.0
0.9843426,0.0
0.44733128,0.0
0.38954854,0.0
0.9937248,1.0
0.21455376,0.0
0.5424579,0.0
0.65300125,0.0
0.17613487,0.0
0.21228468,0.0
0.4237441,0.0
0.69435656,0.0
0.85549223,1.0
0.988184,1.0
0.6568942,0.0
0.55944794,0.0
0.80809987,0.0
0.69039816,0.0
0.82307655,0.0
0.95454836,0.0
0.24596167,0.0
0.23348056,0.0
0.9885048,1.0
0.3331416,0.0
0.46339956,0.0
0.18384795,0.0
0.45919943,0.0
0.4531363,0.0
0.41583273,0.0
0.24041776,0.0
0.28660774,0.0
0.19616449,0.0
0.1979403,0.0
0.23117724,0.0
0.2897982,0.0
0.28326222,0.0
0.52125084,0.0
0.51277095,0.0
0.41971895,0.0
0.44569644,0.0
0.88268054,0.0
0.294465,0.0
0.47348076,0.0
0.9987713,1.0
0.8525762,1.0
0.42748904,0.0
0.81241125,1.0
0.90777874,1.0
0.34056813,0.0
0.20060506,0.0
0.17800908,0.0
0.22837213,0.0
0.2173473,0.0
0.7988761,0.0
0.93354243,0.0
0.99987835,1.0
0.8588446,1.0
0.2511336,0.0
0.20821463,0.0
0.7700522,0.0
0.57495165,0.0
0.29830527,0.0
0.37137493,0.0
0.741775,1.0
0.9883831,1.0
0.2485642,0.0
0.2070627,0.0
0.87072355,0.0
0.91818714,0.0
0.15111284,0.0
0.25150377,0.0
0.26454636,0.0
0.24848767,0.0
0.3019057,0.0
0.24558961,0.0
0.35599032,0.0
0.23630662,0.0
0.3888498,0.0
0.23848851,0.0
0.2951099,0.0
0.9967198,1.0
0.52628565,0.0
0.98544234,0.0
0.46540156,0.0
0.78554744,1.0
0.20020027,0.0
0.22795692,0.0
0.2316552,0.0
0.29107353,0.0
0.2803274,0.0
0.22353299,1.0
0.23079772,0.0
0.32844397,0.0
0.15941338,0.0
0.81002825,0.0
0.92720264,0.0
0.4028639,0.0
0.7148571,0.0
0.7483813,0.0
0.9329681,0.0
0.18231301,0.0
0.28149486,0.0
0.25692207,0.0
0.3358224,0.0
0.9179414,1.0
0.41821167,0.0
0.2933508,0.0
0.49595052,1.0
0.38234672,0.0
0.26237842,0.0
0.20772962,0.0
0.24711242,0.0
0.35246903,0.0
0.1832227,0.0
0.2016394,0.0
0.7431723,0.0
0.2655833,0.0
0.2778313,0.0
0.29807007,1.0
0.40230075,0.0
0.2523787,0.0
0.46982813,0.0
0.5552912,0.0
0.84642076,0.0
0.56254405,0.0
0.57576334,0.0
0.27992913,0.0
0.18887039,0.0
0.2768682,0.0
0.24530311,0.0
0.43545982,0.0
0.47010812,0.0
0.21016698,0.0
0.26590246,0.0
0.19156405,0.0
0.33480844,0.0
0.24898858,0.0
0.45082307,0.0
0.25391552,0.0
0.48065385,0.0
0.31592262,0.0
0.8534015,0.0
0.9717397,1.0
0.26351884,0.0
0.99759275,1.0
0.31501505,0.0
0.2434787,0.0
0.28089216,0.0
0.29619893,0.0
0.2898027,0.0
0.25533226,0.0
0.26153523,0.0
0.63880223,0.0
0.38170424,0.0
0.2520656,0.0
0.37535146,0.0
0.2411439,0.0
0.32329962,0.0
0.18139736,0.0
0.20202589,0.0
0.1901612,0.0
0.34344658,0.0
0.21074438,0.0
0.25932035,0.0
0.21966152,0.0
0.26367325,0.0
0.21354628,0.0
0.29458538,0.0
0.19543181,0.0
0.23242715,0.0
0.21485467,0.0
0.2662588,0.0
0.9883427,0.0
0.83709997,0.0
0.8566492,0.0
0.49679908,0.0
0.6537844,0.0
0.6009175,0.0
0.37697202,0.0
0.49538955,0.0
0.58760995,0.0
0.4726996,0.0
0.9986151,1.0
0.43220496,0.0
0.8588676,0.0
0.4010071,0.0
0.23546267,0.0
0.35773435,0.0
0.4580984,0.0
0.4267489,0.0
0.5933695,0.0
0.8054517,0.0
0.8986456,0.0
0.8407001,0.0
0.9897181,0.0
0.9913768,0.0
0.42275724,0.0
0.51987636,0.0
0.98804647,1.0
0.9747309,1.0
0.64537853,0.0
0.53730077,0.0
0.46716672,0.0
0.7662944,0.0
0.8833341,0.0
0.99159384,0.0
0.6494257,1.0
0.80162364,0.0
0.7154041,1.0
0.22902027,0.0
0.5516371,1.0
0.24455965,0.0
0.68821466,1.0
0.20032881,0.0
0.56995094,1.0
0.19512768,0.0
0.221485,0.0
0.27042744,0.0
0.22603181,0.0
0.28640828,0.0
0.21428807,0.0
0.20068114,0.0
0.9418046,1.0
0.37350863,0.0
0.19647108,0.0
0.92677814,1.0
0.19438519,0.0
0.3773727,0.0
0.35881594,0.0
0.22663252,0.0
0.871542,0.0
0.86614746,0.0
0.6552014,0.0
0.46088,0.0
0.50852054,0.0
0.45920277,0.0
0.4341584,0.0
0.55323744,0.0
0.3308218,0.0
0.5724803,0.0
0.79009384,1.0
0.9433919,1.0
0.691654,0.0
0.22476263,0.0
0.19728632,0.0
0.1971523,0.0
0.34050134,0.0
0.25428638,0.0
0.27540493,0.0
0.47395426,0.0
0.40903708,0.0
0.4658002,0.0
0.23788147,0.0
0.22470222,0.0
0.27249217,0.0
0.20788851,0.0
0.31553823,0.0
0.39815518,0.0
0.23403223,1.0
0.2677842,0.0
0.41338497,0.0
0.34513143,0.0
0.99352473,1.0
0.2628975,1.0
0.7944379,1.0
0.3285027,0.0
0.9151997,0.0
0.86813545,0.0
0.24464956,0.0
0.2280289,0.0
0.16730379,0.0
0.62443775,0.0
0.5304223,0.0
0.7381831,0.0
0.88713425,1.0
0.20674704,0.0
0.9034835,1.0
0.1731777,0.0
0.9580588,1.0
0.26987967,0.0
0.9677257,1.0
0.2075151,0.0
0.9256975,0.0
0.20442803,0.0
0.21368599,0.0
0.20740013,0.0
0.20328365,0.0
0.98586226,1.0
0.2352602,0.0
0.26662025,0.0
0.9900322,1.0
0.17356728,0.0
0.7626319,0.0
0.47943506,0.0
0.408381,0.0
0.16173597,0.0
0.976551,0.0
0.8842327,0.0
0.3301668,1.0
0.42295218,0.0
0.3147905,0.0
0.21375847,0.0
0.21622615,0.0
0.42666683,0.0
0.31324202,0.0
0.9223029,1.0
0.6953799,0.0
0.9624073,1.0
0.23798274,0.0
0.47651854,0.0
0.3850639,0.0
0.3462034,0.0
0.65006816,0.0
0.8865928,0.0
0.29560062,0.0
0.2338542,0.0
0.34489018,0.0
0.36776644,0.0
0.33169016,0.0
0.36666468,0.0
0.34886357,0.0
0.26395544,0.0
0.31340566,0.0
0.24271269,0.0
0.42556474,0.0
0.33075285,0.0
0.61548865,0.0
0.27047363,0.0
0.76674294,0.0
0.98481363,1.0
0.18368995,0.0
0.1647781,0.0
0.19722264,0.0
0.42073438,0.0
0.20631282,0.0
0.2459855,0.0
0.858916,0.0
0.5102797,0.0
0.21450119,0.0
0.22569947,0.0
0.99987173,1.0
0.56220764,0.0
0.64681107,0.0
0.61213607,0.0
0.99879646,1.0
0.30336383,0.0
0.26924476,0.0
0.907226,1.0
0.49416748,0.0
0.9780362,1.0
0.24457982,0.0
0.24394922,0.0
0.6137657,1.0
0.22542897,0.0
0.2921161,0.0
0.21666153,0.0
0.25716835,0.0
0.23676506,0.0
0.34458452,0.0
0.20876622,0.0
0.47894093,0.0
0.50117314,0.0
0.86699754,0.0
0.18118262,0.0
0.24545883,0.0
0.20283656,0.0
0.7072215,0.0
0.98407406,1.0
0.25334153,0.0
0.27603933,0.0
0.52780354,0.0
0.9060747,0.0
0.7591421,0.0
0.9998496,1.0
0.34169737,0.0
0.5459187,0.0
0.5029704,0.0
0.51266223,0.0
0.66820896,0.0
0.8542309,0.0
0.38726923,0.0
0.53941834,0.0
0.88004965,0.0
0.89516383,0.0
0.9592387,1.0
0.2532435,0.0
0.4356516,0.0
0.6717703,0.0
0.24791698,0.0
0.42728806,0.0
0.2187336,0.0
0.24838303,0.0
0.94501156,1.0
0.32939908,0.0
0.21642117,0.0
0.8937584,1.0
0.21292494,0.0
0.42882377,0.0
0.40648648,0.0
0.22677994,0.0
0.7035761,0.0
0.3975803,0.0
0.22589517,0.0
0.36057037,0.0
0.19096754,0.0
0.20700316,0.0
0.5291235,0.0
0.7134052,0.0
0.26008755,0.0
0.33240038,0.0
0.22082488,0.0
0.27633497,0.0
0.20721884,0.0
0.4674952,0.0
0.21182726,0.0
0.24959402,0.0
0.20819926,0.0
0.2682899,0.0
0.22957478,0.0
0.25605148,0.0
0.42996612,0.0
0.68782127,0.0
0.43045685,1.0
0.2355436,0.0
0.6611003,1.0
0.22865196,0.0
0.9028329,0.0
0.98629206,1.0
0.20754874,0.0
0.13326286,0.0
0.7606436,0.0
0.2176636,0.0
0.6559277,0.0
0.3708194,0.0
0.812521,0.0
0.88044864,0.0
0.39797735,0.0
0.73593295,0.0
0.2872711,0.0
0.24629478,0.0
0.26790813,0.0
0.1964407,0.0
0.62134284,0.0
0.3433127,0.0
0.9489336,1.0
0.15862088,0.0
0.5820393,0.0
0.9140806,0.0
0.99307746,1.0
0.59392613,1.0
0.31609866,0.0
0.9844839,0.0
0.8911678,0.0
0.9966446,1.0
0.73251396,0.0
0.27575943,0.0
0.45816728,0.0
0.4283549,0.0
0.36182263,0.0
0.41953737,0.0
0.30354583,0.0
0.25801274,0.0
0.25981104,0.0
0.5508907,0.0
0.8064151,0.0
0.9627704,1.0
0.27439374,0.0
0.19510312,0.0
0.22459479,0.0
0.47749987,0.0
0.7367057,0.0
0.7731309,1.0
0.17436115,1.0
0.49113646,0.0
0.54825544,0.0
0.23730016,0.0
0.21677351,0.0
0.17827854,0.0
0.18116239,0.0
0.29144815,1.0
0.24508242,0.0
0.25182417,0.0
0.2330337,0.0
0.7783825,0.0
0.28354585,0.0
0.22744723,0.0
0.2722982,0.0
0.23426948,0.0
0.46840563,0.0
0.768672,0.0
0.23538592,0.0
0.48402366,0.0
0.20361185,0.0
0.2455761,0.0
0.9698783,1.0
0.35753986,0.0
0.90408176,1.0
0.5063388,0.0
0.27580202,0.0
0.36361784,0.0
0.8475749,0.0
0.61821026,0.0
0.63208526,0.0
0.84760827,0.0
0.802707,0.0
0.8773524,1.0
0.9726558,1.0
0.44116935,0.0
0.624725,1.0
0.2715902,1.0
0.32253596,0.0
0.4641212,0.0
0.79040354,0.0
0.91737014,1.0
0.35901523,0.0
0.22897987,0.0
0.18794179,0.0
0.26441103,0.0
0.9332185,1.0
0.5488939,0.0
0.9549732,1.0
0.9986407,1.0
0.36379185,0.0
0.2853119,0.0
0.9954815,1.0
0.3050301,0.0
0.34552732,0.0
0.40337095,0.0
0.38327155,0.0
0.38819635,0.0
0.23361924,0.0
0.29792103,0.0
0.2470541,0.0
0.27888682,0.0
0.29683352,0.0
0.23132364,0.0
0.18545873,0.0
0.22066954,0.0
0.38031113,0.0
0.9206913,0.0
0.26699057,0.0
0.6352847,0.0
0.8942217,1.0
0.2592437,0.0
0.2845378,0.0
0.23984237,0.0
0.21695064,0.0
0.23184884,0.0
0.21509762,0.0
0.20669158,0.0
0.28324336,0.0
0.29939872,0.0
0.20244889,0.0
0.27155516,0.0
0.26079595,0.0
0.3124529,0.0
0.23760653,0.0
0.2600157,0.0
0.23343134,0.0
0.27077544,0.0
0.27833393,0.0
0.23603848,1.0
0.55151224,0.0
0.40660745,0.0
0.4373319,0.0
0.92819136,1.0
0.8910117,0.0
0.7143562,1.0
0.3286427,0.0
0.3919885,0.0
0.57520586,0.0
0.22756708,0.0
0.4437967,0.0
0.9073729,0.0
0.18962349,0.0
0.98072284,1.0
0.27781767,0.0
0.61303246,0.0
0.22642747,0.0
0.24796267,0.0
0.24400644,0.0
0.58838934,1.0
0.99653524,1.0
0.40064964,1.0
0.82492083,1.0
0.9927845,1.0
0.99945444,1.0
0.55355257,0.0
0.8990734,0.0
0.9499518,1.0
0.24079755,0.0
0.24448907,0.0
0.24877496,0.0
0.94334185,1.0
0.999222,1.0
0.53057307,0.0
0.67134637,0.0
0.20267816,0.0
0.1949641,0.0
0.17071208,0.0
0.21006894,0.0
0.20866604,0.0
0.3947499,0.0
0.19449583,1.0
0.43305603,0.0
0.20406838,1.0
0.83744365,0.0
0.80323565,1.0
0.38872138,0.0
0.3238333,0.0
0.2905526,0.0
0.9593342,0.0
0.8660925,0.0
0.563982,0.0
0.993265,1.0
0.85629314,1.0
0.5051635,1.0
0.54720443,0.0
0.23343375,0.0
0.26332593,0.0
0.2434254,0.0
0.26403445,0.0
0.27487117,0.0
0.25042793,0.0
0.4626596,0.0
0.2573377,0.0
0.2179486,0.0
0.20035048,0.0
0.516981,0.0
0.21066914,0.0
0.13468856,0.0
0.18337296,0.0
0.37081218,0.0
0.16998588,0.0
0.13817723,0.0
0.1614347,0.0
0.16936658,0.0
0.21021219,0.0
0.526583,0.0
0.4388894,0.0
0.9034423,1.0
0.26667255,0.0
0.91494554,0.0
0.207826,0.0
0.20414303,0.0
0.16773753,0.0
0.24829172,0.0
0.30184516,0.0
0.26477894,1.0
0.4009388,1.0
0.73281765,0.0
0.99011004,1.0
0.281753,0.0
0.26298833,0.0
0.38245752,0.0
0.2864469,0.0
0.3059778,0.0
0.8396244,0.0
0.53914475,0.0
0.38647553,0.0
0.19241,0.0
0.22939141,0.0
0.1955367,0.0
0.1999789,0.0
0.19368081,0.0
0.21644814,0.0
0.42604667,0.0
0.5404992,0.0
0.2213712,0.0
0.3067339,0.0
0.5731374,0.0
0.1735597,0.0
0.3289681,0.0
0.21085279,0.0
0.49456906,0.0
0.2640908,0.0
0.55884975,0.0
0.4990326,0.0
0.4199896,0.0
0.9574305,1.0
0.267657,0.0
0.8702325,1.0
0.2667308,0.0
0.3244074,1.0
0.31203443,0.0
0.6179245,1.0
0.28168163,0.0
0.9061076,1.0
0.22013548,0.0
0.20224245,0.0
0.6502002,0.0
0.32277906,0.0
0.61415666,0.0
0.7018757,0.0
0.22016846,0.0
0.22459367,0.0
0.5350482,0.0
0.50078934,0.0
0.25367433,0.0
0.38158074,0.0
0.63522893,0.0
0.6348786,0.0
0.74494773,0.0
0.784751,0.0
0.87895596,0.0
0.8597803,0.0
0.81665385,0.0
0.41075125,0.0
0.85967964,0.0
0.46696997,0.0
0.9837617,1.0
0.9992623,1.0
0.9883089,1.0
0.572189,1.0
0.91290754,1.0
0.23710656,0.0
0.9902469,1.0
0.17480771,0.0
0.21535566,0.0
0.98112565,1.0
0.19378154,0.0
0.87277347,0.0
0.8927086,0.0
0.76580656,0.0
0.37712374,0.0
0.91380787,1.0
0.9062929,0.0
0.9740947,1.0
0.16773818,0.0
0.38793704,1.0
0.17445771,0.0
0.23837726,0.0
0.30042514,0.0
0.5023497,0.0
0.31597385,0.0
0.24219838,0.0
0.20265232,0.0
0.99117965,1.0
0.75893146,0.0
0.9901277,1.0
0.29618955,0.0
0.26485622,0.0
0.19263695,0.0
0.96947825,1.0
0.2197897,0.0
0.29119205,0.0
0.28624412,0.0
0.32110438,0.0
0.27579993,0.0
0.92851156,0.0
0.66321725,0.0
0.1867408,0.0
0.17975818,0.0
0.74411273,0.0
0.8635939,0.0
0.9986677,1.0
0.29853216,0.0
0.21896496,0.0
0.19065545,0.0
0.30318233,0.0
0.24590604,0.0
0.29335532,0.0
0.30130383,0.0
0.20459037,0.0
0.23961282,0.0
0.29903626,0.0
0.32816824,0.0
0.26336095,0.0
0.41561127,0.0
0.44701967,0.0
0.7706943,0.0
0.91701984,0.0
0.31188783,0.0
0.37398994,0.0
0.21257411,0.0
0.6579663,0.0
0.35475647,0.0
0.46315074,0.0
0.946126,1.0
0.89090455,1.0
0.4198729,0.0
0.3489491,0.0
0.186137,0.0
0.31054673,0.0
0.58945507,0.0
0.1396034,0.0
0.15658617,0.0
0.21352768,0.0
0.20530461,0.0
0.25596794,0.0
0.19137214,0.0
0.22370915,0.0
0.21044718,0.0
0.1859908,0.0
0.98952717,1.0
0.7343997,0.0
0.21168959,0.0
0.32714555,0.0
0.21473733,0.0
0.47323775,0.0
0.25404868,0.0
0.7593651,1.0
0.9912395,1.0
0.14680552,0.0
0.67667866,0.0
0.5920701,0.0
0.9977729,1.0
0.3754242,0.0
0.2439998,0.0
0.17505038,0.0
0.98069793,1.0
0.24250177,0.0
0.98439467,1.0
0.595977,1.0
0.17543918,0.0
0.19599704,0.0
0.22537413,0.0
0.23847918,0.0
0.2373838,0.0
0.23334263,0.0
0.21949,0.0
0.22353569,0.0
0.21225064,0.0
0.18883361,0.0
0.20379177,0.0
0.24037912,0.0
0.42169172,0.0
0.17831206,0.0
0.22261429,0.0
0.81852597,1.0
0.9994284,1.0
0.2655031,1.0
0.9987613,1.0
0.48090443,1.0
0.33023012,1.0
0.34357283,1.0
0.7626829,1.0
0.9779423,1.0
0.98786354,1.0
0.8797178,1.0
0.98121756,1.0
0.19303325,0.0
0.17867129,0.0
0.22571082,0.0
0.8108757,0.0
0.19909711,0.0
0.1967299,0.0
0.31128082,0.0
0.78321445,0.0
0.22962742,0.0
0.36532095,0.0
0.18270944,0.0
0.2274318,0.0
0.99818414,1.0
0.2342944,0.0
0.9992054,1.0
0.3791881,0.0
0.20976233,1.0
0.09609147,0.0
0.4356843,1.0
0.99904007,1.0
0.45210296,0.0
0.15997766,0.0
0.8939978,0.0
0.13389997,0.0
0.74964887,0.0
0.2219255,0.0
0.16566667,0.0
0.78516877,0.0
0.6654083,0.0
0.9906408,1.0
0.22395876,0.0
0.99531204,1.0
0.22732837,0.0
0.23187938,0.0
0.23077531,0.0
0.59974796,0.0
0.31272408,0.0
0.48494846,1.0
0.23836346,0.0
0.6912229,0.0
0.8408576,0.0
0.8708584,0.0
0.84043616,0.0
0.2644708,0.0
0.18390845,0.0
0.4059557,1.0
0.75547504,0.0
0.23926766,0.0
0.22328873,0.0
0.2622718,0.0
0.23079014,0.0
0.2645699,0.0
0.99019396,0.0
0.9865193,0.0
0.78763026,1.0
0.26337162,0.0
0.6578932,1.0
0.4147199,0.0
0.37340286,0.0
0.3205537,0.0
0.31630948,0.0
0.27541542,0.0
0.9688347,1.0
0.9274065,0.0
0.257979,0.0
0.9244022,1.0
0.72127163,0.0
0.32692367,0.0
0.36062068,0.0
0.9779785,1.0
0.23613231,0.0
0.7600109,1.0
0.71287155,1.0
0.23686312,0.0
0.23654447,0.0
0.31836367,0.0
0.19697364,0.0
0.99402374,1.0
0.49631616,0.0
0.44754383,0.0
0.23082943,0.0
0.23139441,0.0
0.976157,1.0
0.72163004,0.0
0.9943065,1.0
0.42750072,0.0
0.9985201,1.0
0.21263304,0.0
0.8011193,1.0
0.27494964,0.0
0.55970746,1.0
0.21301024,0.0
0.17406769,0.0
0.3081281,0.0
0.43890882,0.0
0.25152838,0.0
0.26325735,0.0
0.8288547,0.0
0.19271542,0.0
0.20323208,0.0
0.9968545,1.0
0.4948145,0.0
0.8316111,0.0
0.88636315,0.0
0.5265922,1.0
0.2792656,0.0
0.9998971,1.0
0.8056914,1.0
0.22569035,0.0
0.25951782,0.0
0.24858375,0.0
0.61735713,0.0
0.4801572,0.0
0.39861,0.0
0.9973084,1.0
0.6780009,1.0
0.20862956,1.0
0.55414814,1.0
0.77855915,0.0
0.16968429,0.0
0.95300597,0.0
0.73146796,0.0
0.90783244,0.0
0.8910158,0.0
0.61861634,0.0
0.8718996,0.0
0.99405605,1.0
0.3933021,0.0
0.2513979,0.0
0.2286911,0.0
0.2483214,0.0
0.23153336,1.0
0.22893901,0.0
0.802567,1.0
0.24875903,0.0
0.43447262,0.0
0.47538885,0.0
0.22075978,0.0
0.24252711,0.0
0.24092089,0.0
0.28234354,0.0
0.31243202,0.0
0.2453986,0.0
0.27129698,0.0
0.2459215,0.0
0.26983693,0.0
0.23964901,0.0
0.33577105,0.0
0.28259912,0.0
0.25804377,0.0
0.843256,1.0
0.37165865,0.0
0.44700718,0.0
0.23536877,0.0
0.17985334,1.0
0.9555149,1.0
0.35025266,0.0
0.14925979,0.0
0.23752998,0.0
0.28638336,0.0
0.20728035,0.0
0.3266203,0.0
0.38762888,0.0
0.47049078,0.0
0.31167692,0.0
0.17704423,0.0
0.22317687,0.0
0.9014807,1.0
0.23274045,0.0
0.70609057,1.0
0.943528,1.0
0.20934562,0.0
0.42262575,0.0
0.87338775,1.0
0.17188333,0.0
0.8154642,1.0
0.73194313,0.0
0.955378,1.0
0.23233905,0.0
0.92773676,1.0
0.18739262,0.0
0.9864082,1.0
0.23040609,0.0
0.6983962,1.0
0.2707876,0.0
0.9945373,1.0
0.1659264,0.0
0.21906912,0.0
0.25750503,0.0
0.22298498,0.0
0.28541535,0.0
0.1715398,0.0
0.19868985,0.0
0.21884146,0.0
0.21075027,0.0
0.880475,1.0
0.36938787,0.0
0.9055592,0.0
0.61265886,0.0
0.21570098,0.0
0.27357742,0.0
0.8867125,1.0
0.28381333,0.0
0.24269477,0.0
0.20762122,0.0
0.21150222,0.0
0.96720904,1.0
0.923765,0.0
0.32722673,0.0
0.3445287,0.0
0.22331956,0.0
0.36967665,0.0
0.2407736,0.0
0.73720443,0.0
0.21468969,0.0
0.3523647,0.0
0.20373671,0.0
0.44430587,0.0
0.7218475,0.0
0.61172163,0.0
0.4078825,0.0
0.26517949,0.0
0.831501,0.0
0.74508137,0.0
0.8747493,0.0
0.2901698,0.0
0.24472144,0.0
0.7314884,0.0
0.19624102,0.0
0.46046725,0.0
0.21538304,0.0
0.18746738,0.0
0.20577796,0.0
0.3405516,0.0
0.22358488,0.0
0.5503748,0.0
0.9473382,1.0
0.13933508,0.0
0.33061084,0.0
0.43331733,1.0
0.57132405,0.0
0.42651746,0.0
0.2903268,0.0
0.22598322,0.0
0.22094356,0.0
0.23672219,0.0
0.7948193,0.0
0.22337952,0.0
0.26992995,0.0
0.21566124,0.0
0.29931256,0.0
0.28787446,0.0
0.21379447,0.0
0.19598365,0.0
0.21930197,0.0
0.21465881,0.0
0.57743186,1.0
0.18980925,0.0
0.4187111,0.0
0.4810782,0.0
0.24525678,0.0
0.21481586,0.0
0.2808152,0.0
0.25989264,0.0
0.2745688,0.0
0.28941292,0.0
0.23885576,0.0
0.48847365,0.0
0.25827318,0.0
0.31651065,0.0
0.27792966,0.0
0.27262124,0.0
0.24223109,0.0
0.24243017,0.0
0.97343665,1.0
0.39821646,0.0
0.48544952,0.0
0.693716,0.0
0.8009778,0.0
0.75592536,0.0
0.9909918,1.0
0.8030667,0.0
0.5735304,0.0
0.9974246,1.0
0.17965208,0.0
0.17292506,0.0
0.22953944,0.0
0.9962972,1.0
0.24848591,0.0
0.9772701,1.0
0.23338698,0.0
0.4402871,1.0
0.19268842,0.0
0.54398865,1.0
0.19149256,0.0
0.76525754,0.0
0.7405404,0.0
0.63647383,0.0
0.1522856,0.0
0.18072747,0.0
0.1636925,0.0
0.24458681,0.0
0.24232559,0.0
0.8891512,0.0
0.22322193,0.0
0.49718973,0.0
0.43306786,0.0
0.4597888,0.0
0.25503907,0.0
0.6904914,0.0
0.99293464,1.0
0.21609998,0.0
0.23960958,0.0
0.25066254,0.0
0.19540952,0.0
0.18550587,0.0
0.18446246,0.0
0.22440512,0.0
0.16709279,0.0
0.20049666,0.0
0.9969139,1.0
0.876124,0.0
0.82458967,1.0
0.51593083,0.0
0.67457753,1.0
0.20562927,0.0
0.8987627,0.0
0.5104987,0.0
0.98410255,1.0
0.46420604,0.0
0.20221089,0.0
0.50953025,0.0
0.2925343,0.0
0.9616774,1.0
0.24982195,0.0
0.6590239,0.0
0.786401,0.0
0.28994828,0.0
0.31493655,0.0
0.3097021,0.0
0.63315016,0.0
0.7286129,0.0
0.2132899,0.0
0.59432113,0.0
0.20663841,0.0
0.31077108,0.0
0.2512873,0.0
0.6680614,0.0
0.70575523,0.0
0.20365897,0.0
0.24969335,0.0
0.7596098,1.0
0.48194346,0.0
0.48378515,0.0
0.5130452,0.0
0.50761086,1.0
0.24551117,0.0
0.24405889,0.0
0.24543355,0.0
0.23868985,0.0
0.42410398,1.0
0.9621293,1.0
0.19120957,0.0
0.24125586,0.0
0.2235982,0.0
0.26257476,0.0
0.9934029,1.0
0.44401845,0.0
0.38503304,0.0
0.7128237,1.0
0.23207131,0.0
0.30035764,0.0
0.99965954,1.0
0.20485587,0.0
0.99972546,1.0
0.2031511,0.0
0.9919673,1.0
0.23580778,0.0
0.23055635,0.0
0.9235937,1.0
0.24446586,0.0
0.26455423,1.0
0.117859714,0.0
0.98499364,1.0
0.9969036,1.0
0.8735424,0.0
0.99501467,1.0
0.39476633,0.0
0.19090839,0.0
0.29656467,1.0
0.9079062,0.0
0.8019148,0.0
0.41120186,0.0
0.590034,0.0
0.67055404,0.0
0.3978798,0.0
0.24088597,0.0
0.24315356,0.0
0.38677844,0.0
0.27661026,0.0
0.2113225,0.0
0.20120259,0.0
0.35801527,0.0
0.43763313,0.0
0.40552664,0.0
0.56909674,0.0
0.28886133,0.0
0.5302962,0.0
0.9974243,1.0
0.86942595,1.0
0.99898404,1.0
0.24939401,0.0
0.3753692,0.0
0.426064,0.0
0.6994944,0.0
0.1808673,0.0
0.34051764,0.0
0.26247743,0.0
0.39348325,0.0
0.2112516,0.0
0.24545054,0.0
0.44660383,0.0
0.31553927,0.0
0.1681081,0.0
0.23532455,0.0
0.64884853,0.0
0.40027267,0.0
0.6149028,0.0
0.35364455,0.0
0.37673557,0.0
0.8533123,0.0
0.32611275,0.0
0.59944504,0.0
0.77168876,1.0
0.64747363,0.0
0.46942073,0.0
0.22208674,0.0
0.22315028,0.0
0.22382899,0.0
0.21915041,0.0
0.23252134,0.0
0.9990638,1.0
0.5081595,0.0
0.9704625,1.0
0.7408109,0.0
0.2459228,0.0
0.22435622,0.0
0.24393792,0.0
0.42643481,0.0
0.23648798,0.0
0.25606966,0.0
0.1968061,0.0
0.21476077,0.0
0.24164473,0.0
0.2586153,0.0
0.20575431,0.0
0.2628864,0.0
0.5161218,0.0
0.33199117,0.0
0.22042115,0.0
0.26767227,0.0
0.95542806,1.0
0.30426848,0.0
0.84366244,1.0
0.4239254,0.0
0.5079259,0.0
0.99973565,1.0
0.9991445,1.0
0.28535196,0.0
0.9122767,1.0
0.23348437,0.0
0.9704359,1.0
0.9979969,1.0
0.9957644,1.0
0.25700912,0.0
0.19030866,1.0
0.8187127,1.0
0.23950636,0.0
0.6852685,1.0
0.22735353,0.0
0.40623355,0.0
0.17379989,0.0
0.21991174,0.0
0.32377267,0.0
0.36007705,0.0
0.22628014,0.0
0.22826397,0.0
0.20234536,0.0
0.24492839,0.0
0.20983759,0.0
0.2936853,0.0
0.44598085,0.0
0.27342603,0.0
0.21694922,0.0
0.27297446,0.0
0.25019026,1.0
0.27700797,0.0
0.41101676,0.0
0.73587364,1.0
0.1699301,0.0
0.24010365,0.0
0.2161554,0.0
0.98636097,1.0
0.6961957,0.0
0.9923687,1.0
0.9591674,1.0
0.9796958,0.0
0.86232203,0.0
0.2609935,0.0
0.75530356,0.0
0.81321496,0.0
0.4628946,0.0
0.25011134,0.0
0.20313366,0.0
0.5309666,0.0
0.18720327,0.0
0.6260953,0.0
0.99822664,1.0
0.6661453,1.0
0.67264366,0.0
0.78182,1.0
0.9989546,1.0
0.72549003,0.0
0.7116387,0.0
0.30918846,0.0
0.22882243,0.0
0.15314321,0.0
0.2156481,0.0
0.5477199,0.0
0.70492935,0.0
0.54947346,0.0
0.29431713,0.0
0.18631187,0.0
0.22300266,0.0
0.24819599,0.0
0.46280748,0.0
0.18218169,0.0
0.29901126,0.0
0.9932103,1.0
0.23571396,0.0
0.23539267,0.0
0.24472308,0.0
0.22988449,0.0
0.25242063,0.0
0.20195328,0.0
0.23887204,0.0
0.2678549,0.0
0.194235,0.0
0.20550187,0.0
0.26228705,0.0
0.22335966,0.0
0.40910196,0.0
0.32693633,0.0
0.35351843,0.0
0.4358169,0.0
0.34229288,0.0
0.6535625,0.0
0.24331136,0.0
0.23755729,0.0
0.31301263,0.0
0.3843192,0.0
0.27437052,0.0
0.41008043,0.0
0.9656569,0.0
0.93172497,1.0
0.97184485,0.0
0.21889177,0.0
0.63232625,0.0
0.89028615,1.0
0.48681578,1.0
0.6797938,0.0
0.6554746,0.0
0.3121937,0.0
0.25938845,0.0
0.6877112,0.0
0.25966316,0.0
0.20976387,0.0
0.24843748,0.0
0.26055905,0.0
0.23242195,0.0
0.25765446,0.0
0.37743786,0.0
0.3259008,0.0
0.4732367,0.0
0.499194,0.0
0.7598419,0.0
0.8924772,0.0
0.3821148,0.0
0.46033224,0.0
0.95337766,0.0
0.94388765,0.0
0.751971,0.0
0.76072747,0.0
0.2454553,0.0
0.6968253,0.0
0.28330192,0.0
0.92676985,0.0
0.3545923,0.0
0.93715066,0.0
0.47216293,0.0
0.9347418,0.0
0.23331752,0.0
0.23799948,0.0
0.95826095,0.0
0.31289196,1.0
0.50719374,0.0
0.24476455,0.0
0.24410264,0.0
0.2358615,0.0
0.9996056,1.0
0.28254363,0.0
0.5132301,0.0
0.24085417,0.0
0.93897265,1.0
0.7656188,1.0
0.41899905,1.0
0.7541668,1.0
0.14504264,0.0
0.6231949,0.0
0.2590602,0.0
0.30850026,0.0
0.33805966,0.0
0.44082567,0.0
0.18550594,0.0
0.2514594,0.0
0.3277113,0.0
0.3545554,0.0
0.40533924,0.0
0.3019405,0.0
0.27083588,0.0
0.5222706,0.0
0.93882006,1.0
0.45374617,0.0
0.53680485,0.0
0.7338869,0.0
0.6008829,0.0
0.99761105,1.0
0.99228424,0.0
0.9989752,1.0
0.51028436,0.0
0.5173753,0.0
0.9991579,1.0
0.98448986,1.0
0.6644039,0.0
0.9890885,1.0
0.9378956,1.0
0.76418173,0.0
0.24181437,0.0
0.8340804,1.0
0.46821257,0.0
0.49783206,0.0
0.22935481,0.0
0.47213823,0.0
0.4570747,0.0
0.34848395,0.0
0.79196614,1.0
0.71462536,0.0
0.23606144,0.0
0.32278115,0.0
0.8155783,0.0
0.9431104,0.0
0.23548709,0.0
0.22632888,0.0
0.39105174,0.0
0.983626,1.0
0.9331183,1.0
0.32740936,0.0
0.94593316,0.0
0.9965839,1.0
0.24718527,0.0
0.6417393,1.0
0.24068332,0.0
0.5604691,0.0
0.27605882,0.0
0.884349,1.0
0.3801224,0.0
0.9423192,0.0
0.23189698,0.0
0.4824782,0.0
0.17075185,0.0
0.19752412,0.0
0.22226015,0.0
0.2254859,0.0
0.24625833,0.0
0.21224733,0.0
0.28993046,0.0
0.268063,0.0
0.22361968,0.0
0.24970758,0.0
0.36307928,0.0
0.9952941,0.0
0.9043725,1.0
0.9991975,1.0
0.43809697,1.0
0.23503351,0.0
0.7853608,0.0
0.7043446,0.0
0.81025743,0.0
0.2069371,0.0
0.9927624,0.0
0.9982237,1.0
0.28069702,0.0
0.23321652,0.0
0.6279047,0.0
0.8941814,1.0
0.31344044,1.0
0.2707857,0.0
0.62558836,0.0
0.15161692,0.0
0.99208784,1.0
0.8531114,0.0
0.21900506,0.0
0.3808331,0.0
0.90186596,1.0
0.26100075,0.0
0.9969824,1.0
0.25000894,0.0
0.29785916,0.0
0.34555912,0.0
0.24483223,0.0
0.26333588,0.0
0.22298527,0.0
0.28534672,0.0
0.20927928,0.0
0.23961914,0.0
0.29998618,0.0
0.24283949,0.0
0.38252345,0.0
0.5340554,0.0
0.2294596,0.0
0.21202707,0.0
0.23767093,1.0
0.26582974,0.0
0.23517683,0.0
0.44135532,0.0
0.3604509,0.0
0.85997534,1.0
0.9054306,1.0
0.35311887,0.0
0.44972298,0.0
0.43788514,0.0
0.25414482,0.0
0.20836799,0.0
0.24317813,0.0
0.9979658,1.0
0.90836287,0.0
0.8537752,0.0
0.9848318,1.0
0.93385047,0.0
0.983231,1.0
0.24163823,0.0
0.9503418,1.0
0.2506158,0.0
0.41352317,0.0
0.3190365,0.0
0.39713526,1.0
0.38413522,0.0
0.94083244,1.0
0.94950897,1.0
0.27820277,0.0
0.30714244,0.0
0.21400808,0.0
0.24849403,0.0
0.2404095,0.0
0.29107195,0.0
0.35269913,0.0
0.99810314,1.0
0.22618572,0.0
0.9987181,1.0
0.22268367,0.0
0.60611606,0.0
0.22144079,0.0
0.20324941,0.0
0.22670399,0.0
0.20244813,0.0
0.28209385,0.0
0.29148033,0.0
0.9991504,1.0
0.4821461,0.0
0.9800453,1.0
0.5094267,0.0
0.7532601,1.0
0.9823309,0.0
0.9640989,1.0
0.43854418,0.0
0.9885575,1.0
0.5318553,0.0
0.99768823,0.0
0.41603467,1.0
0.6103844,0.0
0.1758892,0.0
0.23931126,0.0
0.1555676,0.0
0.17771338,0.0
0.27253178,0.0
0.6017341,1.0
0.90609306,1.0
0.24442776,0.0
0.9957347,1.0
0.68491185,0.0
0.24203639,0.0
0.36779338,0.0
0.75534755,0.0
0.3231189,0.0
0.24063258,0.0
0.30932555,0.0
0.24968009,0.0
0.4275058,0.0
0.22865608,0.0
0.6245402,0.0
0.26027495,0.0
0.60477334,0.0
0.9205082,1.0
0.21982597,0.0
0.72373074,1.0
0.20767207,0.0
0.87858677,1.0
0.23869252,0.0
0.95426416,1.0
0.98409617,1.0
0.4915114,0.0
0.2467507,0.0
0.20536701,0.0
0.3419567,0.0
0.3757867,0.0
0.49249706,0.0
0.74654496,0.0
0.53411436,1.0
0.7944569,0.0
0.450898,0.0
0.48000142,1.0
0.2990009,0.0
0.2427113,0.0
0.32892638,0.0
0.2810085,0.0
0.32318956,0.0
0.72713655,0.0
0.8527836,0.0
0.98597413,1.0
0.45105678,0.0
0.99959964,1.0
0.1693734,0.0
0.17656171,0.0
0.9937606,1.0
0.79409236,0.0
0.24763027,0.0
0.29157662,0.0
0.26684976,0.0
0.3149231,0.0
0.8841074,1.0
0.21148181,0.0
0.20501125,0.0
0.21267007,0.0
0.99993134,1.0
0.8287594,0.0
0.23384967,0.0
0.20397125,0.0
0.3029949,1.0
0.41325337,0.0
0.98653203,1.0
0.31260514,0.0
0.2740948,0.0
0.6942052,0.0
0.84529513,1.0
0.4955588,0.0
0.86610186,1.0
0.18620302,0.0
0.81532425,1.0
0.47723252,0.0
0.9969112,1.0
0.6048706,0.0
0.47683212,1.0
0.39384356,0.0
0.37676105,0.0
0.7087707,0.0
0.9959435,1.0
0.5506347,1.0
0.9982503,1.0
0.27904162,0.0
0.7431599,0.0
0.98463595,1.0
0.9961788,1.0
0.2955474,0.0
0.9804514,1.0
0.7992049,1.0
0.22971754,0.0
0.55071306,0.0
0.5264298,0.0
0.9998364,1.0
0.45609236,0.0
0.92140716,1.0
0.26697126,1.0
0.9792247,1.0
0.28366747,0.0
0.49100718,0.0
0.5989524,0.0
0.15415697,0.0
0.99730456,1.0
0.98510706,1.0
0.9831257,1.0
0.6773411,0.0
0.9177499,1.0
0.26738563,0.0
0.8770607,1.0
0.19229035,0.0
0.21258782,0.0
0.24223335,0.0
0.20803688,0.0
0.69529873,0.0
0.6248197,0.0
0.4078724,0.0
0.30584887,0.0
0.71396726,0.0
0.99503803,1.0
0.9613336,1.0
0.2673491,0.0
0.29130942,1.0
0.43920526,0.0
0.19618872,0.0
0.46168372,0.0
0.8675356,1.0
0.27258864,0.0
0.27857628,0.0
0.964176,1.0
0.31141707,0.0
0.4234925,0.0
0.45536706,0.0
0.46066865,0.0
0.9943954,1.0
0.27325115,0.0
0.5404856,0.0
0.6474407,0.0
0.23987399,0.0
0.6423422,0.0
0.20234883,0.0
0.3782146,0.0
0.31807008,1.0
0.9908598,1.0
0.99609596,1.0
0.43303305,1.0
0.40617618,1.0
0.26681274,0.0
0.9915452,1.0
0.23877373,0.0
0.3232793,1.0
0.74075127,0.0
0.36594597,0.0
0.7278214,0.0
0.12470465,0.0
0.58058876,0.0
0.1461132,0.0
0.97200835,1.0
0.2920138,0.0
0.59090596,0.0
0.43455076,0.0
0.56528115,0.0
0.5314363,0.0
0.6758949,0.0
0.16488276,0.0
0.2323911,0.0
0.21202259,0.0
0.18119046,0.0
0.18865083,0.0
0.27407652,0.0
0.18566501,0.0
0.74967545,0.0
0.21919766,0.0
0.49118796,0.0
0.9898998,1.0
0.24930267,0.0
0.21108559,1.0
0.19533129,0.0
0.99865323,1.0
0.16380833,0.0
0.14986591,0.0
0.21639632,0.0
0.5327431,0.0
0.7808604,1.0
0.1774421,1.0
0.42200732,0.0
0.3670217,0.0
0.26206106,0.0
0.4006889,0.0
0.3397684,0.0
0.59571046,0.0
0.15727487,0.0
0.22219534,0.0
0.18213406,0.0
0.23531854,0.0
0.20601521,0.0
0.4844903,0.0
0.5607588,0.0
0.21239114,0.0
0.22916703,0.0
0.18121885,0.0
0.23414445,1.0
0.18904018,0.0
0.26958415,0.0
0.18055807,0.0
0.1797905,0.0
0.19442241,0.0
0.19141735,0.0
0.3253108,0.0
0.2990128,0.0
0.82924426,1.0
0.20659614,0.0
0.22586218,0.0
0.40477157,1.0
0.8142535,1.0
0.5508066,0.0
0.35378608,0.0
0.5868215,0.0
0.23240486,0.0
0.6267352,0.0
0.6179902,0.0
0.9110985,1.0
0.9817266,1.0
0.9883036,1.0
0.62516224,0.0
0.993964,1.0
0.30168623,0.0
0.22098565,0.0
0.25045958,0.0
0.25580737,0.0
0.25647447,0.0
0.2518272,0.0
0.89857686,1.0
0.97701055,1.0
0.41874337,0.0
0.9818477,1.0
0.9054638,1.0
0.4731165,1.0
0.92903274,1.0
0.9682069,1.0
0.24773435,0.0
0.3337899,0.0
0.47410256,0.0
0.3954689,0.0
0.23927979,0.0
0.23636742,0.0
0.5321711,0.0
0.47001743,0.0
0.21740977,0.0
0.54605454,0.0
0.18852468,0.0
0.37325257,0.0
0.29535854,0.0
0.61815876,0.0
0.73310846,1.0
0.26209015,0.0
0.4002336,0.0
0.30479488,0.0
0.35431024,0.0
0.26834634,0.0
0.64321935,0.0
0.49419412,0.0
0.9980667,1.0
0.5060825,1.0
0.25790069,0.0
0.2331827,0.0
0.31525025,0.0
0.31555828,0.0
0.5391235,1.0
0.3363772,0.0
0.1808255,0.0
0.19182935,0.0
0.263436,0.0
0.2759207,0.0
0.74353784,0.0
0.27122894,0.0
0.3665237,0.0
0.9986033,1.0
0.2253981,1.0
0.5926464,1.0
0.28855947,0.0
0.2516249,0.0
0.6882227,0.0
0.82902336,1.0
0.932994,1.0
0.9154169,1.0
0.4127209,1.0
0.2564663,0.0
0.2427276,0.0
0.7662143,0.0
0.34353098,0.0
0.45182854,0.0
0.46953478,0.0
0.4391721,0.0
0.9283766,0.0
0.9891864,1.0
0.21495715,0.0
0.25823435,0.0
0.7278478,1.0
0.31719467,0.0
0.40233427,0.0
0.99184734,1.0
0.31382677,0.0
0.35910746,1.0
0.6790227,0.0
0.70897156,0.0
0.2493776,0.0
0.24956243,0.0
0.16809674,0.0
0.58239555,0.0
0.6550394,0.0
0.8509061,1.0
0.19981478,0.0
0.40691525,0.0
0.3731776,0.0
0.9388162,1.0
0.7556338,0.0
0.19196434,0.0
0.8550183,0.0
0.65506935,0.0
0.17324217,0.0
0.7723982,0.0
0.97178143,0.0
0.93081266,1.0
0.9998314,1.0
0.9963113,1.0
0.99924654,1.0
0.78485125,1.0
0.29525578,0.0
0.64800394,0.0
0.9718027,1.0
0.46255013,1.0
0.28460395,0.0
0.41101503,0.0
0.5602356,1.0
0.8288456,0.0
0.613294,0.0
0.86012805,0.0
0.87705624,1.0
0.49337253,0.0
0.99856395,1.0
0.38240048,0.0
0.65071577,0.0
0.8393593,1.0
0.17234603,0.0
0.223172,0.0
0.23626812,0.0
0.25955436,0.0
0.7225936,1.0
0.1793267,0.0
0.22255297,0.0
0.63694793,1.0
0.96922493,0.0
0.85974544,0.0
0.9993045,0.0
0.6600073,0.0
0.32017705,0.0
0.34597155,0.0
0.25290796,0.0
0.60142094,0.0
0.4537653,0.0
0.5408591,0.0
0.39756796,0.0
0.9879982,1.0
0.41561738,1.0
0.291675,0.0
0.805981,1.0
0.31597367,0.0
0.81416625,1.0
0.6357507,1.0
0.5968508,0.0
0.4868997,0.0
0.95947903,0.0
0.9851664,1.0
0.8872139,1.0
0.23594294,0.0
0.44096032,0.0
0.5527485,0.0
0.36629966,0.0
0.24789388,0.0
0.25920707,0.0
0.2918489,0.0
0.41598412,0.0
0.24502225,0.0
0.3165922,0.0
0.24335034,0.0
0.2239368,0.0
0.2670563,0.0
0.22805159,0.0
0.2267046,0.0
0.3636124,0.0
0.20490728,0.0
0.37046966,0.0
0.19173895,0.0
0.63881105,0.0
0.8329466,0.0
0.9729929,0.0
0.9984428,1.0
0.34595683,0.0
0.3095903,0.0
0.9193999,0.0
0.8175217,0.0
0.81482965,1.0
0.21836133,0.0
0.2578671,0.0
0.9018654,1.0
0.29153034,0.0
0.28957,0.0
0.48454306,0.0
0.6299007,0.0
0.8160227,0.0
0.96402276,0.0
0.46451998,0.0
0.8245961,1.0
0.19159599,0.0
0.30613577,0.0
0.46708146,0.0
0.22739105,0.0
0.23267034,0.0
0.41923085,0.0
0.9610287,1.0
0.25282425,0.0
0.27105606,0.0
0.18158115,0.0
0.21345098,0.0
0.19077928,0.0
0.24550128,0.0
0.18905193,0.0
0.30447125,0.0
0.30796266,0.0
0.43519384,0.0
0.2186319,1.0
0.9762603,1.0
0.5796307,1.0
0.756416,1.0
0.20790724,1.0
0.9984876,0.0
0.26756722,0.0
0.3745873,0.0
0.98326206,1.0
0.5714827,0.0
0.25803852,0.0
0.29862258,0.0
0.28996027,0.0
0.24565668,0.0
0.2594378,0.0
0.22959709,0.0
0.2834491,0.0
0.37532875,1.0
0.27957428,0.0
0.47507334,0.0
0.50751525,0.0
0.65217376,1.0
0.8520562,0.0
0.2429832,0.0
0.25453562,0.0
0.28735313,0.0
0.46748114,0.0
0.21246138,0.0
0.30722442,0.0
0.22764984,0.0
0.2785581,0.0
0.2630372,0.0
0.9422515,1.0
0.37435427,0.0
0.9693028,1.0
0.24721852,0.0
0.24752784,0.0
0.27436632,0.0
0.30072716,0.0
0.22927514,0.0
0.3069752,0.0
0.8550396,1.0
0.9983496,1.0
0.8104556,1.0
0.9265272,1.0
0.9849445,1.0
0.6169943,0.0
0.9871373,1.0
0.8984832,0.0
0.21935414,0.0
0.27193305,0.0
0.21633585,0.0
0.21892624,0.0
0.73301184,0.0
0.67957324,1.0
0.9996109,1.0
0.73447084,1.0
0.2282586,0.0
0.99571794,1.0
0.34228787,0.0
0.6340521,1.0
0.97233146,1.0
0.4522431,0.0
0.63504654,0.0
0.30512032,0.0
0.7499998,1.0
0.9041731,1.0
0.27541262,0.0
0.9880113,1.0
0.2822078,0.0
0.8956601,1.0
0.9955406,1.0
0.4337997,0.0
0.4236219,0.0
0.25679964,0.0
0.24623488,0.0
0.24419425,0.0
0.25484097,0.0
0.8579117,1.0
0.5509619,1.0
0.98769134,1.0
0.9955906,1.0
0.99961185,1.0
0.40037355,0.0
0.6413357,0.0
0.35025296,0.0
0.30218047,0.0
0.47203094,1.0
0.29115126,0.0
0.2545912,0.0
0.7782616,0.0
0.49052772,0.0
0.388895,0.0
0.3593724,0.0
0.8571607,0.0
0.28490004,0.0
0.4419375,0.0
0.95062906,1.0
0.65099514,0.0
0.98457,1.0
0.21961932,1.0
0.33851323,0.0
0.6663036,0.0
0.23090748,0.0
0.89373064,0.0
0.46976566,0.0
0.5663345,0.0
0.40810734,0.0
0.8443632,1.0
0.25037304,0.0
0.32209334,0.0
0.17461804,0.0
0.5235047,0.0
0.21982872,0.0
0.52120936,0.0
0.99930996,1.0
0.9860633,1.0
0.86075157,1.0
0.56749886,0.0
0.45332295,0.0
0.17718342,0.0
0.22587605,1.0
0.577853,1.0
0.3026877,0.0
0.5070678,1.0
0.3342219,0.0
0.98571616,1.0
0.99156964,1.0
0.99420017,1.0
0.74103504,0.0
0.32653975,0.0
0.2572093,0.0
0.98407596,1.0
0.99995625,1.0
0.94670314,1.0
0.30800322,0.0
0.713513,0.0
0.6598851,0.0
0.7734975,0.0
0.979169,1.0
0.627629,0.0
0.39413926,0.0
0.2492481,1.0
0.5163288,0.0
0.5636472,0.0
0.86739916,1.0
0.60433763,0.0
0.548886,0.0
0.19985764,0.0
0.1967318,0.0
0.20419012,0.0
0.20924151,0.0
0.9114003,1.0
0.2142344,0.0
0.9964504,1.0
0.23170963,0.0
0.29807636,0.0
0.9534828,1.0
0.8898098,0.0
0.9231621,0.0
0.30304614,0.0
0.39011684,0.0
0.19608234,0.0
0.5331763,0.0
0.51016,0.0
0.99596655,1.0
0.75305706,1.0
0.99934894,1.0
0.9978754,1.0
0.99850255,1.0
0.61996824,1.0
0.85042983,0.0
0.64047146,0.0
0.54743385,0.0
0.693802,0.0
0.18930146,0.0
0.31320176,0.0
0.23894225,0.0
0.28104645,0.0
0.80249757,0.0
0.9935481,1.0
0.8548277,1.0
0.9142603,0.0
0.2691314,1.0
0.98736554,1.0
0.94159526,1.0
0.3958021,0.0
0.99956864,1.0
0.9866417,1.0
0.9219014,1.0
0.6530038,1.0
0.5119761,0.0
0.8656716,1.0
0.41073927,0.0
0.67864114,0.0
0.48540345,0.0
0.46255317,1.0
0.20281874,0.0
0.45871168,0.0
0.22478214,0.0
0.5212973,0.0
0.98396415,1.0
0.92477953,1.0
0.36369857,0.0
0.99924916,1.0
0.948462,1.0
0.93142843,0.0
0.17318085,0.0
0.46680012,0.0
0.33971092,0.0
0.25974163,0.0
0.6384954,0.0
0.60750407,0.0
0.22383885,0.0
0.26173612,0.0
0.23079632,0.0
0.2677372,0.0
0.9185156,1.0
0.46433464,0.0
0.63565916,0.0
0.22626384,0.0
0.25343916,0.0
0.24682637,0.0
0.326995,0.0
0.17777,0.0
0.28262076,0.0
0.9946848,1.0
0.99558014,1.0
0.2605082,0.0
0.3105674,0.0
0.6628671,0.0
0.49729964,0.0
0.23064728,0.0
0.3073597,0.0
0.9994632,1.0
0.2651905,0.0
0.20893876,0.0
0.16489422,0.0
0.47131118,0.0
0.4334107,0.0
0.6357666,1.0
0.41723514,0.0
0.2929023,0.0
0.6142361,0.0
0.23859762,0.0
0.23288374,0.0
0.18644485,0.0
0.19034341,0.0
0.91666937,1.0
0.9369268,1.0
0.8901063,1.0
0.27965757,0.0
0.9991393,1.0
0.96331847,1.0
0.99389726,0.0
0.1854711,0.0
0.14354709,0.0
0.31580734,0.0
0.21664119,0.0
0.5605702,0.0
0.44813377,0.0
0.5707821,0.0
0.64184445,0.0
0.8947143,1.0
0.7364497,1.0
0.8873989,1.0
0.23327772,0.0
0.19479583,0.0
0.28250834,0.0
0.21040177,0.0
0.93273777,1.0
0.57447773,0.0
0.61391073,0.0
0.873061,0.0
0.99042875,1.0
0.8170843,1.0
0.6277296,1.0
0.8142826,1.0
0.96823084,1.0
0.8965247,1.0
0.90692854,0.0
0.9969458,0.0
0.18259944,0.0
0.73080456,0.0
0.1831522,0.0
0.6515455,0.0
0.20656915,0.0
0.2792422,0.0
0.8586899,0.0
0.39781785,0.0
0.22070284,0.0
0.28859934,0.0
0.19819003,0.0
0.31296027,0.0
0.18084593,0.0
0.48073125,0.0
0.4247148,0.0
0.42193714,0.0
0.97615737,1.0
0.19227277,0.0
0.33651596,0.0
0.54023236,0.0
0.4494439,0.0
0.36197945,0.0
0.24880607,0.0
0.1546909,0.0
0.1554753,0.0
0.2657191,0.0
0.28056967,0.0
0.94604504,1.0
0.95185846,1.0
0.99686813,1.0
0.24115828,0.0
0.4017396,0.0
0.18290788,0.0
0.19041045,0.0
0.9988211,1.0
0.27357456,0.0
0.34223166,0.0
0.97733706,1.0
0.32283553,0.0
0.9958016,1.0
0.9797391,1.0
0.32428524,0.0
0.28968024,0.0
0.2291675,0.0
0.22123647,0.0
0.1528706,0.0
0.38766122,0.0
0.97460884,1.0
0.2644791,0.0
0.43556777,0.0
0.99749434,1.0
0.3094854,0.0
0.2628486,0.0
0.8338216,0.0
0.735899,0.0
0.62607336,0.0
0.976013,1.0
0.27224526,0.0
0.32434502,1.0
0.31156325,0.0
0.74113005,1.0
0.2702569,0.0
0.99695265,1.0
0.32452342,0.0
0.9975974,1.0
0.2951737,0.0
0.9961225,1.0
0.98274034,1.0
0.3686196,0.0
0.4812164,1.0
0.95178586,0.0
0.61784345,1.0
0.8800392,1.0
0.6243042,0.0
0.71713823,1.0
0.40197507,0.0
0.23488624,0.0
0.34484476,0.0
0.9806534,1.0
0.15748923,0.0
0.2095187,0.0
0.21915166,0.0
0.24367166,0.0
0.79564357,0.0
0.99806327,1.0
0.32012638,0.0
0.67681766,0.0
0.46009403,0.0
0.20557752,0.0
0.23021841,0.0
0.16653381,0.0
0.18351305,0.0
0.98946714,1.0
0.8147438,0.0
0.98629856,1.0
0.9848229,0.0
0.9850632,0.0
0.21927352,0.0
0.2872722,0.0
0.23906742,0.0
0.70923454,0.0
0.97409004,1.0
0.2722416,1.0
0.25907835,0.0
0.3556305,0.0
0.71865845,0.0
0.25117943,0.0
0.18716936,0.0
0.9995853,1.0
0.25672933,1.0
0.46307394,0.0
0.20863028,1.0
0.21610963,0.0
0.26573744,0.0
0.4333243,0.0
0.31662092,0.0
0.31926826,0.0
0.51516503,0.0
0.8253673,0.0
0.35508248,1.0
0.53638643,1.0
0.99877197,1.0
0.9488227,1.0
0.21676366,0.0
0.3382329,0.0
0.9706522,1.0
0.99884766,1.0
0.91815674,0.0
0.9947713,1.0
0.3070218,0.0
0.30336818,0.0
0.28549317,0.0
0.21761587,0.0
0.24555252,0.0
0.2719073,0.0
0.33716607,0.0
0.9267457,1.0
0.96842116,1.0
0.35079676,0.0
0.43018886,1.0
0.94148093,1.0
0.222786,0.0
0.38832268,0.0
0.47815982,1.0
0.5010963,0.0
0.19981341,1.0
0.43157586,1.0
0.2598301,0.0
0.95429516,0.0
0.6598465,0.0
0.7593958,0.0
0.67471546,0.0
0.19303997,0.0
0.99923176,1.0
0.37543973,1.0
0.9647004,1.0
0.9972531,1.0
0.98800415,1.0
0.9954821,1.0
0.29883584,0.0
0.9088195,1.0
0.9813917,1.0
0.7186497,0.0
0.8205663,0.0
0.6661565,0.0
0.6435928,1.0
0.7144024,1.0
0.88239205,0.0
0.6397566,0.0
0.98569405,1.0
0.99805397,1.0
0.9865346,1.0
0.216415,0.0
0.48155877,0.0
0.94531626,1.0
0.38264564,0.0
0.27811357,0.0
0.90719664,0.0
0.7341197,0.0
0.9619097,1.0
0.98436546,1.0
0.95599425,1.0
0.2736999,0.0
0.5565074,1.0
0.98887247,1.0
0.8571934,1.0
0.4090984,0.0
0.428045,0.0
0.49362564,0.0
0.7097063,0.0
0.62223846,0.0
0.9913107,1.0
0.42257586,1.0
0.94637203,1.0
0.5195762,1.0
0.95614785,1.0
0.32544157,0.0
0.85338366,0.0
0.9599614,1.0
0.90295047,1.0
0.3029919,0.0
0.26461408,0.0
0.97140247,0.0
0.98936766,0.0
0.9969125,1.0
0.9733164,1.0
0.582792,0.0
0.31664643,0.0
0.6403627,0.0
0.30783722,0.0
0.29228085,0.0
0.8362486,1.0
0.1854079,0.0
0.61235446,0.0
0.99806833,1.0
0.7062837,1.0
0.20131469,0.0
0.5663559,1.0
0.9999119,1.0
0.9949381,1.0
0.9917938,1.0
0.97258997,1.0
0.3146548,0.0
0.99848074,1.0
0.8759629,0.0
0.99869937,1.0
0.82764196,1.0
0.42277953,1.0
0.8357634,1.0
0.21429896,0.0
0.24080573,0.0
0.9394273,1.0
0.99412405,1.0
0.20203827,0.0
0.43660304,0.0
0.22315507,0.0
0.29620367,0.0
0.9933383,1.0
0.17783171,0.0
0.282305,0.0
0.13063338,0.0
0.1988446,0.0
0.40031734,0.0
0.30942702,0.0
0.99065936,1.0
0.6999556,0.0
0.6542571,0.0
0.628616,0.0
0.25591618,0.0
0.27569118,0.0
0.1178334,0.0
0.1331526,0.0
0.9880441,1.0
0.2466549,0.0
0.18947645,0.0
0.24189487,0.0
0.19580773,0.0
0.9688609,1.0
0.98587716,1.0
0.681333,0.0
0.7296646,0.0
0.76948977,1.0
0.9987821,1.0
0.6840917,1.0
0.39418265,1.0
0.56309354,1.0
0.9820353,1.0
0.99810123,1.0
0.9971778,1.0
0.41680804,1.0
0.15846138,0.0
0.17165208,0.0
0.9906818,1.0
0.38488314,0.0
0.28653422,0.0
0.91602945,1.0
0.79782146,1.0
0.76726484,0.0
0.8674082,0.0
0.6086332,0.0
0.41773936,0.0
0.24119805,0.0
0.27617583,0.0
0.97051954,1.0
0.5396504,0.0
0.3222051,1.0
0.20483851,0.0
0.5378509,0.0
0.98909473,1.0
0.853603,1.0
0.33214864,0.0
0.9958596,1.0
0.43634185,0.0
0.62817764,0.0
0.9600239,1.0
0.2268614,0.0
0.5295643,0.0
0.27461296,0.0
0.2805179,0.0
0.68786377,1.0
0.3171233,0.0
0.983556,1.0
0.24906702,0.0
0.42504713,0.0
0.8704745,0.0
0.9535226,1.0
0.26532835,0.0
0.60608333,0.0
0.47552767,0.0
0.20035206,0.0
0.17599459,0.0
0.23467071,0.0
0.28299114,0.0
0.21027231,0.0
0.25119504,0.0
0.21589437,0.0
0.24324901,0.0
0.19777454,0.0
0.22324203,0.0
0.22492623,0.0
0.2651951,0.0
0.22622287,1.0
0.90592116,0.0
0.33357468,0.0
0.19739379,0.0
0.57152987,0.0
0.75178474,1.0
0.20097499,0.0
0.28639674,0.0
0.21148817,0.0
0.35852954,0.0
0.29743156,0.0
0.31708762,0.0
0.27934366,0.0
0.6238847,1.0
0.181836,0.0
0.28867495,0.0
0.9037014,0.0
0.83358234,0.0
0.10662275,0.0
0.61594135,0.0
0.13747717,0.0
0.4570275,0.0
0.14125416,0.0
0.31036097,0.0
0.4440948,0.0
0.4819502,0.0
0.99791014,1.0
0.95965576,1.0
0.24442549,0.0
0.28817445,0.0
0.9974789,1.0
0.99055856,1.0
0.72328943,0.0
0.7904152,0.0
0.98885983,1.0
0.92563975,1.0
0.51602584,1.0
0.3169091,0.0
0.30574867,0.0
0.55291027,0.0
0.6117068,1.0
0.7232756,0.0
0.2366632,1.0
0.93636477,1.0
0.25739598,0.0
0.9989504,1.0
0.9986434,1.0
0.99017966,1.0
0.20037413,0.0
0.27571544,0.0
0.28469613,0.0
0.48726454,0.0
0.64154565,0.0
0.9949344,1.0
0.9402033,1.0
0.2431432,1.0
0.2552906,0.0
0.88644296,1.0
0.8072368,1.0
0.35619894,0.0
0.7362424,1.0
0.8532575,1.0
0.98300534,1.0
0.28544146,0.0
0.48348483,1.0
0.99911815,1.0
0.99903566,1.0
0.9836423,1.0
0.20657821,0.0
0.71162885,0.0
0.99058217,1.0
0.17797105,0.0
0.2939132,0.0
0.9391926,1.0
0.9449482,1.0
0.30534557,0.0
0.9949202,1.0
0.4638922,0.0
0.2955333,0.0
0.7895491,0.0
0.54966074,0.0
0.34497947,0.0
0.38579807,0.0
0.2302827,0.0
0.41781822,0.0
0.97841895,1.0
0.99965423,1.0
0.9724892,1.0
0.9880957,1.0
0.87794954,1.0
0.5400322,0.0
0.99866724,1.0
0.9987752,1.0
0.72742456,0.0
0.81936896,1.0
0.17945014,0.0
0.9976838,1.0
0.27500877,0.0
0.99706185,1.0
0.5505398,1.0
0.39209563,0.0
0.47422513,0.0
0.29327446,0.0
0.2158449,0.0
0.23481694,0.0
0.24975236,0.0
0.14445573,0.0
0.14955127,0.0
0.3460649,0.0
0.16387312,0.0
0.16991138,0.0
0.18045487,0.0
0.18658897,0.0
0.34177676,0.0
0.9931693,1.0
0.8664603,0.0
0.848539,0.0
0.52306163,1.0
0.9692941,1.0
0.9926801,1.0
0.2619846,0.0
0.37357813,0.0
0.29946047,0.0
0.17369547,0.0
0.28627226,0.0
0.1871398,0.0
0.23931292,0.0
0.28079593,0.0
0.30533522,0.0
0.17713141,0.0
0.21674073,0.0
0.9100525,1.0
0.89106506,0.0
0.86173886,0.0
0.83427936,1.0
0.31188285,0.0
0.9947023,1.0
0.23230241,0.0
0.26057872,0.0
0.22211125,0.0
0.25093862,0.0
0.2187413,0.0
0.24942605,0.0
0.23477228,0.0
0.18607357,0.0
0.27768838,0.0
0.28658032,0.0
0.15241507,0.0
0.34783,0.0
0.95754,1.0
0.978391,1.0
0.54700536,0.0
0.99884003,1.0
0.8176779,0.0
0.38435686,0.0
0.35285103,0.0
0.25602123,0.0
0.3439475,1.0
0.16302812,0.0
0.23939681,0.0
0.7860796,1.0
0.70651406,1.0
0.6241033,0.0
0.5100556,0.0
0.6796493,0.0
0.15707962,0.0
0.3050948,0.0
0.2239697,0.0
0.17568913,0.0
0.18906772,0.0
0.31666943,0.0
0.72431684,0.0
0.9931256,1.0
0.31230405,0.0
0.19169997,0.0
0.17112003,0.0
0.51024956,0.0
0.8724286,0.0
0.58405924,0.0
0.771011,0.0
0.28230008,0.0
0.2974019,0.0
0.95675486,0.0
0.76051867,0.0
0.49660888,0.0
0.9946669,0.0
0.5565382,0.0
0.7974562,0.0
0.17597538,0.0
0.17646848,0.0
0.2551609,0.0
0.28747305,0.0
0.22018586,0.0
0.2903478,0.0
0.3877717,0.0
0.5155599,0.0
0.2651821,0.0
0.24139051,0.0
0.5249569,0.0
0.84710693,0.0
0.2403494,0.0
0.21092616,0.0
0.57503,0.0
0.7300515,0.0
0.9912593,1.0
0.99173945,1.0
0.41419178,0.0
0.99913675,1.0
0.9608733,1.0
0.27136382,0.0
0.19734138,0.0
0.21669836,0.0
0.20756422,0.0
0.499439,0.0
0.99756813,1.0
0.81100047,1.0
0.5689418,0.0
0.70274234,0.0
0.24816115,0.0
0.21643169,0.0
0.41779366,0.0
0.59319675,0.0
0.77951914,0.0
0.8616791,0.0
0.20959365,0.0
0.280318,0.0
0.28612813,0.0
0.2914673,0.0
0.31022668,0.0
0.22394808,0.0
0.36213928,0.0
0.19538176,0.0
0.19701906,0.0
0.97412395,1.0
0.24788181,0.0
0.9246985,0.0
0.9975381,0.0
0.5614363,0.0
0.9515425,0.0
0.8298894,0.0
0.96445686,1.0
0.5194416,0.0
0.7620271,0.0
0.22958641,0.0
0.20964347,0.0
0.19628721,0.0
0.18352179,0.0
0.22529446,0.0
0.2348065,0.0
0.22345594,0.0
0.24377786,0.0
0.2539752,0.0
0.2603079,0.0
0.20964037,0.0
0.2209733,0.0
0.85579234,0.0
0.97638315,0.0
0.21595266,0.0
0.27112025,0.0
0.21270226,0.0
0.22549044,0.0
0.9990286,1.0
0.1947112,0.0
0.6367737,0.0
0.37358356,0.0
0.38713244,0.0
0.5927957,0.0
0.2729559,0.0
0.22554255,0.0
0.52353066,0.0
0.6185627,0.0
0.3763901,0.0
0.31784567,0.0
0.26081425,0.0
0.25897938,0.0
0.998397,1.0
0.33387253,0.0
0.32855907,0.0
0.27888903,0.0
0.90213853,1.0
0.72494406,0.0
0.9333383,1.0
0.61552536,0.0
0.92578024,0.0
0.9986333,1.0
0.7382135,0.0
0.7734063,0.0
0.95301896,1.0
0.71191746,0.0
0.99409705,1.0
0.4827714,0.0
0.9293454,1.0
0.3626667,0.0
0.6831166,0.0
0.46829128,0.0
0.5382803,0.0
0.4720187,0.0
0.3254861,0.0
0.16061066,0.0
0.6862771,0.0
0.15735725,0.0
0.39595604,0.0
0.227631,0.0
0.27773723,0.0
0.24398263,0.0
0.29965922,0.0
0.5122601,0.0
0.29598448,0.0
0.72786665,0.0
0.26881325,0.0
0.20274594,0.0
0.2314031,0.0
0.21029471,0.0
0.34794816,0.0
0.21669403,0.0
0.28169447,0.0
0.9830374,1.0
0.19895375,0.0
0.9984445,1.0
0.25056732,0.0
0.99977905,1.0
0.17348446,0.0
0.991371,1.0
0.26228908,0.0
0.29494166,1.0
0.46367025,0.0
0.29986468,1.0
0.6015653,0.0
0.9546798,1.0
0.4985407,0.0
0.34257963,0.0
0.21546133,0.0
0.21503921,0.0
0.99981385,1.0
0.99800533,1.0
0.23273657,0.0
0.6674019,1.0
0.60163367,0.0
0.5019548,0.0
0.2778707,0.0
0.24446177,0.0
0.60143006,0.0
0.53259397,0.0
0.23840784,0.0
0.44989482,0.0
0.5504696,0.0
0.7959208,0.0
0.8076192,0.0
0.72755253,0.0
0.9067895,0.0
0.5694868,0.0
0.30182904,0.0
0.17480503,0.0
0.21171938,0.0
0.46865925,0.0
0.35655075,0.0
0.8982356,0.0
0.8420146,0.0
0.9292968,1.0
0.3877155,0.0
0.2316345,0.0
0.24111243,0.0
0.43294382,0.0
0.19885398,0.0
0.25317922,0.0
0.20276473,0.0
0.14105603,0.0
0.15521029,0.0
0.17688975,0.0
0.19779675,0.0
0.19435231,0.0
0.27430555,0.0
0.9645654,1.0
0.2144076,0.0
0.60749197,0.0
0.5017539,0.0
0.34525856,0.0
0.45882303,0.0
0.9961862,1.0
0.99767274,1.0
0.9882806,1.0
0.32007226,0.0
0.9991298,1.0
0.22872539,0.0
0.21009906,0.0
0.1790817,0.0
0.9707554,1.0
0.97840977,0.0
0.9918992,1.0
0.32281244,0.0
0.617297,0.0
0.53226465,0.0
0.8856789,1.0
0.70793617,1.0
0.71682745,0.0
0.99577934,1.0
0.9729838,1.0
0.98600143,1.0
0.29831973,0.0
0.42300662,0.0
0.39219496,0.0
0.24312253,0.0
0.9947049,1.0
0.52460575,0.0
0.9888007,1.0
0.2712644,0.0
0.9966521,1.0
0.98751825,1.0
0.83868074,1.0
0.233814,0.0
0.20348325,0.0
0.17538624,0.0
0.20090821,0.0
0.21613021,0.0
0.26427776,0.0
0.24593616,0.0
0.9972699,1.0
0.44887206,0.0
0.95829386,1.0
0.9726626,1.0
0.4016242,0.0
0.66221684,1.0
0.98678714,1.0
0.8413292,1.0
0.99361306,1.0
0.48709646,0.0
0.5855083,0.0
0.34254578,0.0
0.49292985,1.0
0.3296224,0.0
0.2913078,0.0
0.7161233,1.0
0.2694691,0.0
0.25492057,0.0
0.28133932,0.0
0.20523195,0.0
0.15223788,0.0
0.23974852,0.0
0.24743287,0.0
0.29159272,0.0
0.21038175,0.0
0.84415627,0.0
0.3043372,0.0
0.31565785,0.0
0.45773345,0.0
0.26478228,0.0
0.25199032,0.0
0.41830215,0.0
0.24252573,0.0
0.23001264,0.0
0.19147031,0.0
0.28859964,0.0
0.40668568,0.0
0.99962616,1.0
0.41406217,0.0
0.3628536,0.0
0.22483854,0.0
0.9771439,1.0
0.8652525,0.0
0.674023,0.0
0.9900002,1.0
0.3083329,0.0
0.48943448,0.0
0.5427868,0.0
0.25055537,0.0
0.42176515,0.0
0.4341003,0.0
0.26474547,0.0
0.28903595,0.0
0.2987142,0.0
0.6916322,0.0
0.67707473,0.0
0.7776727,1.0
0.32220012,0.0
0.99901384,1.0
0.21796508,0.0
0.9890057,1.0
0.44949088,0.0
0.98013395,1.0
0.28722024,0.0
0.7966756,1.0
0.25738975,0.0
0.8401184,0.0
0.51757985,0.0
0.30517614,0.0
0.2401537,0.0
0.2941429,0.0
0.23628107,0.0
0.29002377,0.0
0.9990101,1.0
0.17357336,0.0
0.9991981,1.0
0.28025666,0.0
0.5450736,1.0
0.9987419,1.0
0.9957523,1.0
0.43466207,0.0
0.36538845,0.0
0.27459267,0.0
0.3403931,0.0
0.3158936,0.0
0.47535473,0.0
0.41662747,0.0
0.68160474,0.0
0.5604879,0.0
0.6514816,0.0
0.48478174,0.0
0.72116643,0.0
0.66168356,0.0
0.8246819,0.0
0.99945784,0.0
0.9656517,0.0
0.22453104,0.0
0.20308796,0.0
0.20482714,0.0
0.28990278,0.0
0.97982424,1.0
0.7021765,1.0
0.37409317,0.0
0.33362466,0.0
0.98142236,0.0
0.87790865,0.0
0.7299294,0.0
0.3416254,0.0
0.83858055,0.0
0.5979403,0.0
0.39977804,0.0
0.52970266,0.0
0.96427584,0.0
0.9740891,0.0
0.71159804,1.0
0.27305377,0.0
0.48424077,0.0
0.25668254,0.0
0.18231577,0.0
0.20592976,0.0
0.20895033,0.0
0.25091723,0.0
0.36343867,0.0
0.22469345,0.0
0.8353979,1.0
0.57915175,0.0
0.9134435,1.0
0.5975525,0.0
0.27314606,0.0
0.27346358,0.0
0.7361636,1.0
0.9827243,1.0
0.30170855,0.0
0.6665303,0.0
0.4328249,0.0
0.5107289,0.0
0.7852682,0.0
0.87651616,1.0
0.53578943,0.0
0.88180965,1.0
0.24649742,0.0
0.96426564,1.0
0.91855973,1.0
0.9871421,1.0
0.1298695,0.0
0.14961074,0.0
0.85794824,1.0
0.61831135,0.0
0.5226492,0.0
0.90106404,0.0
0.22669764,0.0
0.7712968,0.0
0.9034487,0.0
0.8497678,0.0
0.36188036,0.0
0.55037946,0.0
0.29797876,0.0
0.52697295,0.0
0.47685906,0.0
0.6555318,0.0
0.4690946,0.0
0.60978204,0.0
0.2615603,0.0
0.20341758,0.0
0.85258883,1.0
0.12597346,0.0
0.21087971,0.0
0.24237168,0.0
0.26567373,0.0
0.21637218,0.0
0.30452502,0.0
0.99554646,1.0
0.99920046,1.0
0.7072386,0.0
0.9937318,1.0
0.8353885,1.0
0.24928096,0.0
0.1469846,0.0
0.9641537,1.0
0.15108852,0.0
0.15860762,0.0
0.15916567,0.0
0.70185727,0.0
0.25956345,0.0
0.22844432,0.0
0.2284706,0.0
0.4976174,0.0
0.18071955,0.0
0.6351478,0.0
0.97053367,0.0
0.26955146,0.0
0.19935545,0.0
0.3400425,0.0
0.19663833,0.0
0.18316838,0.0
0.1566485,0.0
0.4186515,0.0
0.39955792,0.0
0.91329974,0.0
0.70978993,0.0
0.39352328,1.0
0.5999803,0.0
0.96229774,0.0
0.8634637,0.0
0.21838771,0.0
0.2424304,0.0
0.351815,0.0
0.42731428,0.0
0.18936893,0.0
0.19539843,0.0
0.3724455,0.0
0.28832847,0.0
0.21819185,0.0
0.52378327,0.0
0.5146244,0.0
0.23370294,0.0
0.2776756,0.0
0.26433218,0.0
0.21529523,0.0
0.7987748,0.0
0.49511266,0.0
0.63161373,0.0
0.76798624,0.0
0.20727232,0.0
0.31065395,0.0
0.22637315,0.0
0.59119236,0.0
0.26713288,0.0
0.29032436,0.0
0.20351748,0.0
0.23113659,0.0
0.43813363,0.0
0.42532173,0.0
0.7272119,1.0
0.1310703,0.0
0.6233596,0.0
0.40588665,0.0
0.4464794,1.0
0.24258824,0.0
0.2264282,0.0
0.24333408,0.0
0.418372,0.0
0.61473656,0.0
0.7944233,0.0
0.45337334,0.0
0.31253394,0.0
0.7063015,0.0
0.56322485,1.0
0.2561751,0.0
0.45721036,0.0
0.8672535,0.0
0.32167253,0.0
0.23944476,0.0
0.28035805,0.0
0.92979556,0.0
0.32655427,0.0
0.19558492,0.0
0.9929411,1.0
0.50728655,0.0
0.75593346,1.0
0.33055663,1.0
0.16084443,0.0
0.9886797,1.0
0.6609944,0.0
0.7775961,1.0
0.7041573,1.0
0.7353545,1.0
0.442939,0.0
0.27458286,0.0
0.9740551,1.0
0.71904945,0.0
0.31818157,0.0
0.7644408,0.0
0.50022095,0.0
0.40042552,0.0
0.18798655,0.0
0.5628753,0.0
0.3220858,0.0
0.29677033,0.0
0.5487249,0.0
0.76001626,0.0
0.2870748,0.0
0.9953333,1.0
0.7838917,0.0
0.4820609,1.0
0.38452154,1.0
0.9767203,1.0
0.24167407,0.0
0.23865037,0.0
0.2556853,0.0
0.33646372,0.0
0.27014214,0.0
0.24449539,0.0
0.3519359,0.0
0.3279359,0.0
0.22580902,0.0
0.3051148,0.0
0.733424,1.0
0.6157359,0.0
0.36968842,0.0
0.18961285,0.0
0.9294963,1.0
0.32836926,1.0
0.98410875,1.0
0.1976345,0.0
0.99111813,1.0
0.8447499,0.0
0.948226,0.0
0.7125846,0.0
0.57355076,0.0
0.28892833,0.0
0.21554163,0.0
0.2997286,0.0
0.24612044,0.0
0.1674227,0.0
0.97371304,0.0
0.9608489,0.0
0.46228448,0.0
0.43425104,0.0
0.86216116,0.0
0.74614114,0.0
0.97155994,0.0
0.9465586,0.0
0.6877607,0.0
0.74906564,0.0
0.8549976,0.0
0.86825866,0.0
0.8474912,0.0
0.61735743,0.0
0.24958852,0.0
0.6569231,0.0
0.5512103,0.0
0.74215734,0.0
0.7628428,0.0
0.27368075,0.0
0.45897636,0.0
0.2551218,0.0
0.7643571,0.0
0.16632022,0.0
0.5359201,0.0
0.476264,0.0
0.3469947,0.0
0.23034945,0.0
0.2904335,0.0
0.5674171,0.0
0.5644977,0.0
0.80443746,0.0
0.5490851,0.0
0.68692803,0.0
0.21657942,0.0
0.26578218,0.0
0.18208139,0.0
0.17250632,0.0
0.9193395,1.0
0.31366152,0.0
0.40194342,0.0
0.3221128,0.0
0.14829944,0.0
0.18889034,0.0
0.4066177,0.0
0.26693484,0.0
0.2802877,0.0
0.32324967,0.0
0.2933367,0.0
0.31452155,0.0
0.40672633,0.0
0.8872771,0.0
0.18132855,0.0
0.26711753,0.0
0.17949341,0.0
0.3504823,0.0
0.18386143,0.0
0.32321176,0.0
0.17596275,0.0
0.34194586,0.0
0.6921579,1.0
0.97159094,1.0
0.8566441,1.0
0.22734208,0.0
0.831438,1.0
0.22647665,0.0
0.4942464,1.0
0.23765469,0.0
0.52199626,1.0
0.21506591,0.0
0.16868769,0.0
0.59278345,0.0
0.17836747,0.0
0.26331067,0.0
0.21439016,0.0
0.55154246,0.0
0.32010648,0.0
0.21039143,0.0
0.3464087,0.0
0.9305674,0.0
0.7060009,0.0
0.42855307,0.0
0.77105486,0.0
0.17846516,0.0
0.20164159,0.0
0.17156315,0.0
0.19700064,0.0
0.18352191,0.0
0.2041182,0.0
0.99804527,1.0
0.19922124,0.0
0.27942905,0.0
0.28063112,0.0
0.2598966,0.0
0.30842245,0.0
0.6898949,0.0
0.7008274,0.0
0.9703873,1.0
0.35040793,0.0
0.9190424,1.0
0.22130926,0.0
0.94244426,1.0
0.2789255,0.0
0.3492163,0.0
0.22941053,0.0
0.37308034,0.0
0.21821444,0.0
0.6393207,0.0
0.1871957,0.0
0.19401492,0.0
0.2096492,0.0
0.22290812,0.0
0.22533965,0.0
0.8353629,0.0
0.66017646,0.0
0.35516217,1.0
0.33305153,0.0
0.61229134,0.0
0.9465808,1.0
0.73701197,1.0
0.27673313,0.0
0.26804072,0.0
0.1959772,0.0
0.17673524,0.0
0.78390497,0.0
0.8299759,0.0
0.983838,1.0
0.45498094,0.0
0.847235,0.0
0.19155884,0.0
0.86279327,1.0
0.2181202,0.0
0.22309788,0.0
0.2227702,0.0
0.22291675,0.0
0.20922542,0.0
0.22133875,0.0
0.99971974,1.0
0.829137,0.0
0.31037983,0.0
0.82160866,0.0
0.77028084,0.0
0.88186663,0.0
0.47643194,0.0
0.8956354,1.0
0.35926628,0.0
0.93052065,0.0
0.9400398,0.0
0.9934122,1.0
0.25678346,0.0
0.6480118,0.0
0.8597649,0.0
0.3114315,0.0
0.9725162,1.0
0.88493603,0.0
0.823101,0.0
0.24645548,0.0
0.3601583,0.0
0.8879229,1.0
0.5954386,0.0
0.92656404,1.0
0.19300082,0.0
0.55598325,1.0
0.2612207,0.0
0.22822678,0.0
0.21052063,0.0
0.22710133,0.0
0.32446283,1.0
0.96591586,1.0
0.4004335,0.0
0.83665735,0.0
0.16174936,0.0
0.35236418,0.0
0.5518158,0.0
0.29640847,0.0
0.1499968,0.0
0.2073626,0.0
0.26071116,0.0
0.8144576,0.0
0.3912227,0.0
0.99969596,1.0
0.29222074,0.0
0.30800936,0.0
0.65723544,0.0
0.9994864,1.0
0.23824143,0.0
0.6764224,0.0
0.33967385,0.0
0.8965268,1.0
0.98284686,1.0
0.59046906,0.0
0.241953,0.0
0.73864836,0.0
0.5530058,0.0
0.26054305,0.0
0.2782684,0.0
